TSNE1,TSNE2,price_range
-43.83263,0.91327727,0
16.411951,-22.77961,2
-21.44726,-7.2318463,1
32.998215,7.81381,3
-0.048881333,19.078405,1
14.156044,-12.9080925,1
20.355951,-19.431692,2
-33.838997,-7.6288285,0
30.778778,13.695898,3
-6.418458,12.993847,1
-31.766706,11.279388,0
-32.58787,-17.001276,0
15.291792,24.418253,2
41.929432,25.130318,3
10.180263,22.524088,3
20.567354,-1.0599616,2
54.62421,-1.4506578,3
46.529114,7.657379,3
-4.8315115,13.541969,1
-33.45033,16.541277,0
-34.441265,-8.805641,0
-4.9611683,18.887522,2
-17.239721,-1.0438434,1
-2.9051425,23.488901,2
-33.89425,-25.531105,0
-7.868141,11.815317,1
26.374865,-33.080788,3
26.39055,19.566505,2
12.997328,-27.283592,2
-40.635567,17.647152,0
-34.947628,-16.580307,0
-46.800205,-23.654062,0
52.78578,-2.8789659,3
-49.168457,-4.26889,0
4.4358625,-7.6897473,1
6.470353,-10.919292,1
27.58639,-15.344048,2
-30.609476,12.224509,0
33.974667,5.7378936,3
-39.5494,5.2775755,0
14.785574,-22.463902,2
24.489473,5.18373,3
4.4656243,21.882769,2
-38.463844,17.236225,0
36.554783,-12.37071,2
6.8790917,17.958538,3
16.271204,1.6557462,2
-20.186058,-9.440256,1
40.382774,7.124996,3
-18.895777,28.107046,1
42.32671,25.416176,3
-7.6580386,-18.682419,1
-42.63566,8.136327,0
-35.67778,-11.169207,0
-19.893084,-24.416513,1
-19.46243,-24.620617,0
-6.9750795,12.60986,1
27.03915,36.088177,3
-39.357887,11.061599,0
-39.883446,12.614694,0
-30.414566,21.812344,1
46.024044,16.577673,3
31.461672,12.227405,3
7.061043,-16.449429,1
-23.750639,-21.531948,0
-44.786736,-0.07763937,0
53.558586,0.54609805,3
40.776253,8.855612,3
6.693981,-13.823975,1
11.997226,29.317772,2
12.562887,-33.23538,2
23.792645,3.013517,2
-39.352455,2.3382626,0
-17.883795,-8.024832,1
26.859037,-12.747876,2
-47.419502,-6.278806,0
-44.447487,-6.5392385,1
52.75795,-4.9267383,3
14.858653,-30.79095,2
8.307367,-10.260959,2
50.0864,-10.779605,3
9.232369,-29.6934,2
5.848656,-15.545204,1
-41.441387,19.819502,0
-12.27742,-7.2722206,1
53.735054,-6.250762,3
10.879648,-4.390911,1
43.198215,3.1917691,3
50.747513,-8.381684,3
-31.05499,11.005466,0
32.303566,-8.765516,3
42.75557,10.127711,3
11.953081,-32.84232,2
-18.190527,10.309232,1
31.590513,27.912577,3
5.6659966,23.400799,2
4.7708607,17.218319,2
38.90068,22.086744,3
-0.9804287,-27.352604,1
-16.073654,-8.383781,1
-36.753387,-24.32701,0
-39.464497,16.836185,0
-20.91473,11.6294775,1
-28.606224,-4.0572004,0
-48.911205,4.168975,0
30.301487,20.625463,3
26.294052,-14.129727,2
-43.95309,-22.98785,0
-20.323105,-8.985604,1
-5.9946856,11.784072,1
-36.31457,13.0579195,0
-26.144157,-21.806509,0
27.571117,35.79885,3
-16.225164,33.32885,1
19.157917,25.60602,3
6.197254,-34.76341,2
13.369686,16.79419,3
41.17007,-18.328089,2
-46.298508,-7.129445,0
38.422226,-18.66424,2
-13.976017,-25.819979,1
30.350645,8.912903,3
5.620227,20.420803,2
-5.2421374,-16.467962,1
49.464012,-7.482464,3
28.366583,35.042133,3
-37.78882,2.9374638,0
40.208138,-13.744984,2
-38.892834,23.13923,0
17.419312,27.391773,2
33.542404,12.967616,3
-37.982655,-16.5216,0
6.550302,8.388627,2
13.511857,7.683421,2
-47.11652,8.002328,0
28.162788,20.740282,3
-5.306455,-30.906723,1
-33.452477,-23.05417,0
-25.087654,-16.453968,0
17.375332,-23.905703,2
39.632248,-17.989088,2
-22.73849,-8.999819,1
10.695188,11.594596,3
22.449574,-21.164413,2
-48.45237,-15.6128,0
-37.293888,-11.760747,0
-30.47271,-9.582679,0
-16.010689,-7.873004,1
-0.052216243,-29.210436,1
10.829826,11.419523,2
30.75005,27.087145,3
-11.536159,-8.217607,1
-17.873083,30.750925,1
-43.62622,-20.41454,0
19.311567,-36.299873,2
16.118322,-21.686563,2
-46.74643,-5.013079,0
-24.995323,4.0301867,1
-47.223827,0.5290313,0
8.615435,-25.578815,2
19.834316,22.207893,2
40.778526,-5.564938,3
26.810333,35.284176,3
19.726416,29.276579,2
-18.446873,22.16015,1
-34.562115,17.46726,0
-22.21823,10.2138405,1
24.72251,-15.189436,2
-6.2874093,23.979641,2
30.417408,-8.051388,3
27.08788,16.76927,3
-16.821508,-26.321337,0
-17.82266,-2.8700407,1
-29.9882,-11.622868,0
40.40897,28.775253,3
-15.780705,-3.6792808,1
2.7203884,-31.083483,1
21.745998,-20.209816,2
-17.700277,1.1249393,1
-31.482557,16.13019,0
-37.030014,-5.538105,0
-32.55324,7.2881823,0
-35.8553,14.258579,0
-19.23035,-27.413635,0
50.492527,-9.545343,3
8.298904,-35.33161,2
-48.95689,8.123699,0
31.70951,12.952877,3
-42.623703,-16.3739,0
-34.270424,20.52158,0
-51.40895,-6.1054797,0
-40.096935,21.28006,0
-14.608311,4.907204,1
44.27071,1.2226235,3
27.339745,20.182196,3
-10.743784,-5.848519,1
-46.01658,-5.0375133,0
-19.17157,9.142693,1
0.9552489,-23.55066,1
-21.321802,-9.549361,1
-24.580572,-0.036516547,1
17.313211,-11.022982,2
-6.748679,23.584902,2
7.929507,18.159317,3
42.413548,-14.837332,3
52.935894,0.22030218,3
-28.40325,30.24433,1
34.09732,-13.679703,2
-50.079777,-3.9978619,0
-35.768036,-15.626491,0
-31.402021,3.2181754,0
3.88455,11.766313,2
7.39351,-1.5217806,1
-16.33555,-6.5437675,1
25.103014,-31.696428,3
5.761352,-0.973801,1
-28.572231,12.877195,0
36.11374,-16.385834,2
8.64618,-8.780283,1
-29.131817,30.871105,1
46.444805,2.7688951,3
-14.249661,23.344107,2
14.714821,8.5533,3
-47.887978,9.215494,0
-36.54034,21.415516,0
10.012309,-26.701077,2
-21.851198,1.7212886,1
10.320131,14.454911,3
-47.69467,-0.9262499,0
-45.402283,5.567844,1
5.172103,-33.35866,2
-43.55522,-21.370668,0
-11.13359,19.818254,2
48.809772,-7.2134776,3
24.856426,-19.642586,2
-29.748877,18.003004,0
-3.8017712,4.4457192,1
55.35185,-6.8724146,3
41.882587,3.4050121,3
-23.997242,-20.879385,0
2.452097,-23.905619,1
36.95087,18.672337,3
38.477703,-16.475475,2
51.139664,3.0884628,3
-35.698452,-24.056292,0
15.845093,14.663284,3
6.144937,-4.7215924,1
8.673928,-22.009604,2
51.32735,7.3923044,3
30.564085,-8.562407,3
30.01223,-19.41856,2
-27.19853,32.550488,1
-14.641595,-26.334087,0
44.53639,12.404838,3
42.514935,0.8308213,3
-27.73602,29.729536,1
43.204166,2.7445602,3
36.07988,15.711538,3
33.029808,6.5709314,3
22.655983,26.68194,3
31.688557,26.101177,3
-36.94701,23.050806,0
11.746747,-23.862375,1
16.613562,1.1716135,2
11.687976,14.316664,2
2.3119242,-27.16812,2
8.617114,19.520515,3
-39.132233,6.607968,0
9.668555,-12.527387,2
42.849506,24.27707,3
23.844326,-9.497319,2
7.2769823,18.836863,2
18.587234,-2.777217,2
-3.4677312,1.5870807,1
-37.887444,-24.742964,0
12.775212,-8.502795,2
-43.211628,-11.782025,0
12.820313,16.048267,3
50.265057,1.8241907,3
-23.04783,25.112043,1
42.080704,24.37324,3
0.045082647,18.354622,1
-50.144512,5.0723796,0
50.700558,9.68102,3
-19.751865,23.21287,1
20.553373,-20.284386,2
-37.634995,-5.3969164,0
-34.95427,14.319415,0
49.074543,-12.439695,3
-48.9246,11.163048,0
-10.146114,-8.880512,1
-4.018084,-6.951578,2
32.83035,20.25231,3
49.080437,-1.6352123,3
55.873985,-6.3280487,3
-36.66659,28.79188,1
-28.187963,1.1050591,1
-40.11284,11.219639,0
2.0584297,-4.8984766,1
51.088566,1.9869841,3
37.226192,28.339352,3
-28.089005,9.140921,0
-19.727833,7.1548595,1
-22.22449,31.472357,2
18.839357,-21.777544,2
-45.462074,-16.223198,0
23.965107,26.008375,3
37.596752,15.804711,3
27.878803,-18.494514,2
38.027428,28.930359,3
-13.567025,21.978107,2
42.419884,26.706839,3
19.27685,-4.221427,2
-41.63465,11.190024,0
12.824383,-29.3707,2
-2.5153515,14.555762,1
1.0340511,-27.306292,1
6.0582256,-9.456259,1
-41.560253,-23.618776,0
-32.52168,-10.117502,0
-38.361057,23.645317,0
33.49233,-23.280674,3
9.646472,22.133238,3
49.739796,12.998567,3
-23.685976,2.4359639,1
-39.308548,-15.660408,0
-3.4147382,-34.49067,1
-28.440264,13.506738,0
13.658418,-6.2900505,2
41.59307,-18.197615,2
41.183704,-12.7327795,3
-32.4972,-18.600266,0
27.112865,19.103025,3
9.724123,17.815193,3
6.0333643,-35.37699,2
-24.67767,27.287472,1
20.286795,28.044613,3
-39.8611,-16.70987,0
-44.508232,-14.252582,0
40.69981,-4.6985097,2
-17.429998,18.55522,1
34.057896,32.470364,3
6.1796703,22.123463,2
-53.313915,-5.952773,0
-13.419096,-0.98522896,1
-3.3696723,-33.511707,1
12.749561,-4.9900575,1
-21.022974,-21.038004,1
12.685868,-17.710957,1
30.248152,30.737858,3
7.1110144,2.4908464,2
-49.345695,11.949536,0
-25.745571,-17.215319,0
13.20604,12.411794,3
42.094635,1.7875884,3
-54.38537,-4.998737,0
40.31462,-1.83899,3
-50.06921,-19.106205,0
-47.546543,-20.550652,0
-1.150277,24.640219,2
-50.049316,11.466037,0
-48.256355,2.8856452,1
11.578156,-27.368631,2
19.705637,-10.414287,2
14.197892,-35.735096,2
43.431583,9.602443,3
-32.90944,-23.015932,0
28.678318,0.79849035,3
10.796498,-30.547167,2
9.400198,12.272246,3
33.438816,17.917023,3
42.34137,2.264808,3
46.46167,6.5873175,3
22.791,-16.744707,2
-3.0147095,9.768644,1
18.422369,-19.027275,1
-39.71354,4.3600793,0
37.552723,30.569616,3
8.39936,-12.091784,1
48.163372,-12.141705,3
53.95171,-5.71665,3
-40.051804,7.3993196,0
3.4611983,12.565099,2
44.151,16.12985,3
12.342213,30.992369,2
46.530025,0.25074106,3
48.702,8.039634,3
39.607048,22.848019,3
-26.593428,14.329009,0
-36.645294,-3.4250486,0
13.3439455,-24.286423,2
38.4516,2.0925295,3
-19.25746,-1.7371358,0
-39.489777,-2.2892535,0
19.325275,-30.706562,2
50.149036,-7.69397,3
-0.2766447,23.706505,2
-6.634924,15.923603,1
5.818366,-3.1822803,1
4.9311824,23.53933,2
-15.454635,19.057188,1
37.602898,-12.708329,2
-30.338608,-19.297234,0
29.465834,6.6975727,3
-14.328666,0.023687555,1
8.511004,-35.922752,2
-38.039192,-15.938211,0
-28.885736,11.968461,0
-8.831299,-21.870026,1
-54.76552,-1.524745,0
-23.892849,26.931293,2
-41.45523,13.505201,0
1.5831155,-27.57929,1
-37.58717,19.624666,0
4.640753,19.900938,2
16.710714,-29.408976,2
39.24663,1.1025321,3
-9.634392,26.145617,2
-0.106593706,18.8278,1
-27.71366,28.502644,1
32.725742,-23.309147,2
-13.32079,-7.6207137,1
-50.74157,2.9740002,1
39.979572,7.9609675,3
6.56796,-4.752646,1
-44.018078,21.356236,0
-43.08202,2.0485928,0
20.664885,-33.446373,3
-36.41729,-23.57784,0
-7.5563164,13.686093,1
-40.136818,23.016262,0
-30.019867,18.62168,0
-23.080425,28.17441,2
25.326372,22.608849,2
42.18522,4.3080096,3
-48.245857,-16.87838,0
12.513214,-33.81719,2
-35.9795,22.899015,0
-5.5717053,-29.237846,1
-7.5127096,-23.850546,1
24.93452,21.61503,3
46.492153,19.475546,3
-4.3662076,2.1542652,1
40.822235,-14.931392,2
-35.384315,-12.805475,0
17.553177,3.605553,2
-45.70594,-7.0940824,0
-30.704863,-9.412667,0
46.557484,-7.3348103,3
36.7331,-0.6128123,3
-49.258602,-16.885479,0
12.742457,-23.907951,2
16.839527,27.483778,2
-4.4845233,19.435984,2
30.2683,28.414936,3
-6.7092156,-23.654388,1
2.6101413,12.614382,2
-32.106014,16.146389,0
-5.76223,-29.643473,1
40.645924,29.606255,3
-33.148575,30.835178,1
-52.40832,-4.7286706,0
15.453496,12.834007,3
-16.188864,23.466652,2
-28.40866,-4.1299133,0
-29.873783,-11.143097,0
52.73828,-9.789395,3
6.3849144,-25.108355,2
50.590633,1.038536,3
14.109285,26.77993,2
-51.278236,9.452396,0
26.572441,2.4276123,2
-18.43809,-21.186728,1
-42.191727,20.88768,0
-8.363103,-15.992025,1
23.146254,-8.387339,2
34.17156,20.891518,3
18.62253,-13.186441,2
-5.5084205,-31.860022,1
-29.761852,21.99159,1
-36.771603,22.39727,0
2.3955297,-3.5221286,1
22.055906,-14.025146,2
2.5585935,-25.368069,2
-17.530842,-5.8856735,1
-18.133959,-21.97647,0
4.1652355,-14.035716,1
42.491047,-3.5743232,3
1.8863862,-30.878233,1
23.392565,-29.957108,2
-28.14599,-20.135683,0
19.855803,-35.608257,2
28.439651,-16.396656,2
45.007156,-17.761116,3
-25.960234,-3.3608367,1
-28.091627,-11.289519,0
-21.360703,10.908275,1
19.97543,-29.257504,2
30.380545,18.87602,3
-16.602564,0.14178066,1
12.118721,-7.528438,1
39.90963,-15.714884,2
35.921215,20.195704,3
-42.795254,2.1102676,0
18.284761,26.892086,2
11.817848,-31.416494,2
46.384487,6.2786074,3
3.3894384,20.584158,2
-7.735574,24.963549,2
1.6325885,-25.39775,2
49.474205,-9.328569,3
-26.505112,31.304768,2
-0.47929087,0.63113815,1
-25.441784,32.33021,1
-38.12077,-3.5183492,0
-12.530581,19.640028,1
-50.42489,-16.304193,0
23.235945,6.068777,3
-18.104856,19.756926,1
-52.86902,8.378081,0
20.279802,-34.48684,2
0.49398705,-23.811747,1
-3.753386,-16.580776,2
30.687433,9.7694435,3
19.08731,27.9066,3
14.161936,9.348745,3
36.812748,29.105175,3
14.220768,-35.20169,2
-47.930164,7.478161,0
33.26269,-22.782932,3
16.83699,-14.996378,1
24.24696,-10.754125,2
-35.338417,16.318068,0
38.999268,28.817543,3
32.507816,7.1286945,3
-10.182233,-8.300041,1
23.83267,2.6944919,2
21.291506,5.340162,2
51.08443,-3.5349376,3
5.237671,-22.946358,2
-17.004913,19.930952,1
50.562702,9.6782875,3
-19.389765,-10.30696,1
16.898973,29.601961,2
-16.978079,32.836243,1
8.970489,20.375278,3
-24.306993,29.851582,1
-20.730837,33.34398,2
4.461243,-6.765449,1
33.62727,11.246103,3
-35.4692,24.462646,1
-13.459101,20.65037,1
19.251003,32.085064,2
29.99141,24.075869,3
-17.283892,-5.3880963,1
-37.72252,-6.9306436,0
-34.214058,9.001323,0
22.39855,5.258265,2
27.658895,34.26221,3
23.635933,25.989754,3
-1.3750932,-28.64004,1
-4.383952,14.118841,1
15.750414,-22.468794,2
-36.373535,-2.6625059,0
35.682568,-11.4775715,2
-41.607376,22.105185,0
-2.4245934,3.676225,1
44.510353,-14.540393,3
-20.778187,5.933034,0
-45.40798,-21.942057,0
14.339869,0.7121129,2
8.772331,16.443281,3
-0.4805777,1.9323637,1
-14.287926,-0.6333003,1
48.612904,1.8947757,3
-40.21942,-4.1243134,0
3.306975,19.95239,2
-45.3809,-0.52598697,0
-44.983692,-16.8549,0
15.3107195,-14.2111225,1
6.3321123,-32.652798,2
44.034977,-17.46186,3
-10.194853,-27.125834,1
-12.084,24.812294,2
-11.68703,-8.520279,1
43.527744,-2.3395092,3
-4.7574306,-8.966079,2
-15.769148,0.9471701,1
-15.370152,22.071407,2
56.549217,-6.080854,3
41.446636,-12.003429,3
22.451557,2.3822205,2
-36.989956,-7.2180505,0
-43.086727,3.5966125,0
-3.832179,-27.285166,1
24.220453,34.069935,2
-24.640175,26.408394,1
-42.18731,14.700903,0
3.2545557,0.21440567,1
-34.31133,-8.69428,0
32.935337,8.58259,3
25.40997,0.94228065,2
34.034466,-1.3350918,2
-53.29221,-1.3278928,0
-42.58089,-19.745049,0
25.659887,-11.900393,2
18.817574,-35.427902,2
-11.471821,-26.047642,1
23.24886,26.008749,3
-43.551945,19.180943,0
2.0432792,23.794327,2
-41.61436,20.219275,0
25.699589,-28.817629,3
-38.011898,21.434772,0
-11.765868,-7.575613,1
-7.8481364,16.551506,1
-38.525623,2.3521516,0
-38.92761,10.410001,0
39.66872,28.529903,3
-33.01732,9.3049135,0
31.137547,-5.7970233,3
-4.5122056,-29.646544,1
3.6424804,9.011378,2
7.0139437,3.164825,2
-24.525383,10.900306,0
-41.627235,7.409847,0
18.20395,-21.8424,2
15.691735,24.92723,2
-52.898525,9.318973,0
-15.0888815,-4.0885844,1
-6.919338,-18.0512,1
-25.339474,-22.16094,0
-43.476936,21.790493,0
11.383255,-3.7129302,1
-20.092636,7.7659454,1
-34.48698,27.412258,1
-1.7713948,25.6638,2
-49.449097,8.39334,0
33.261913,12.306607,3
34.035763,17.051378,3
5.544567,8.716149,2
-1.1776825,-33.125404,1
37.982243,17.847773,3
-21.858515,-19.407291,0
-36.093166,-2.375487,0
35.925606,17.611897,3
21.751429,-13.257005,2
-21.910997,-8.801464,1
-39.275272,-13.425602,0
39.064587,-0.85063004,3
-9.188971,-17.593588,1
-1.0935581,1.1397406,1
4.664283,-14.992143,1
15.122119,29.24996,2
-5.880608,9.282098,1
-49.535908,-8.99291,0
14.290551,28.003706,2
49.984695,13.151253,3
50.88211,11.521997,3
6.6520405,-27.174019,1
17.481018,29.819128,2
-31.405603,-20.707083,1
41.018322,25.078371,3
-18.902538,20.994848,1
12.978311,-32.198578,2
34.312035,19.430452,3
-2.7465322,14.999918,1
19.660603,20.064735,2
-17.274714,31.001637,1
36.616035,-2.9373667,3
31.06991,3.1618598,2
-30.48605,-8.311546,0
35.268085,16.458061,3
-31.668102,21.804733,0
-6.076109,-15.569064,1
-24.384981,-19.401304,0
-8.244987,10.2939625,1
45.607147,5.2152724,3
-6.175598,23.199282,2
33.276085,32.534416,3
-41.172295,15.21804,0
14.45359,-35.59095,2
7.056527,19.098324,2
18.588789,29.6599,2
6.253399,22.259506,2
24.08155,3.8384864,2
48.36252,-9.118687,3
19.846138,-2.5660052,2
-4.40577,-34.38119,1
-54.859863,-2.129463,0
-19.085457,-5.89785,1
32.531456,13.8113165,3
-48.03306,-20.013256,0
-7.2937913,18.779707,1
38.91865,-15.459296,2
52.715385,-4.0127625,3
7.4319654,9.336064,3
-22.040966,-22.532322,0
32.161453,28.518923,3
-46.463066,-9.057862,0
-33.16498,1.7648807,0
11.256589,-29.71076,2
23.687378,-7.5201545,3
51.303627,-6.2688107,3
25.462969,-13.786308,2
-13.787872,24.764563,2
18.318066,22.856443,2
18.42022,-24.024632,2
-37.79308,-6.287002,0
32.40933,-23.612707,2
28.0088,6.283895,3
-36.206066,29.16432,1
53.32039,-1.8863099,3
45.861954,-17.248343,3
5.763362,-23.665142,2
-42.029522,-13.030636,0
11.313416,0.14876564,2
-7.6114006,-17.110502,1
-25.060104,-4.8649254,0
15.495707,-2.9373126,2
-18.251667,4.1771774,1
16.76288,-4.9384885,2
-13.431749,13.016515,1
18.25957,-34.693695,3
51.56519,-10.937407,3
-0.7481328,18.339043,1
-53.00977,-8.531751,0
45.552517,12.096165,3
-6.414053,16.431664,1
-46.362766,-19.688318,0
-40.639294,18.355944,0
-2.7261653,2.457256,1
31.849886,-21.658052,2
26.360212,2.5769737,3
35.020016,18.681818,3
-39.74408,15.702656,0
-7.213753,-9.181855,2
42.064724,-18.570784,2
6.0253882,-4.2904997,1
-35.36803,28.037645,1
47.21587,18.554117,3
3.5577447,-29.271252,1
-18.352749,29.56543,1
-3.866675,14.801835,1
-27.037762,14.710579,0
-36.57291,-25.628202,0
-16.493664,17.63737,1
-7.437063,7.916015,1
31.07372,28.779222,3
-32.258663,-11.692128,0
23.064077,4.061209,2
-5.0959353,17.85652,1
-48.593422,-15.943349,0
-35.23865,-17.612099,0
17.866503,-35.83651,2
-20.440413,-21.43573,1
17.958487,-10.588789,2
49.086304,-8.163493,3
3.4542978,-28.55542,1
38.247826,31.069466,3
-26.032774,3.134778,2
9.577393,-30.41937,2
19.639427,4.2557497,2
7.505217,20.110764,2
19.422264,-19.599316,2
-19.249056,-22.290428,1
-44.43743,-16.753735,0
38.79594,-19.234585,2
44.54077,12.734864,3
39.366207,27.352644,3
-13.706703,23.735859,2
11.621175,-36.372288,2
-55.49563,-7.019592,0
-19.01126,4.459584,1
36.547512,20.186428,3
-44.528496,-19.587328,0
30.787107,7.0709553,3
9.288729,-5.843672,1
-40.75434,4.0473614,0
36.180023,30.840448,3
-35.12275,-1.4334723,0
26.321959,3.3195393,3
-31.870687,0.7543519,0
-25.217476,0.44059962,1
-42.670746,-14.339666,0
-55.705864,-5.558437,0
-35.765053,29.186588,1
26.459135,0.39768574,2
24.426603,-16.091202,2
47.38157,-5.3485937,3
38.95417,-16.736317,2
33.58007,30.886362,3
-38.79509,-5.324123,0
-39.54313,-13.325835,0
54.475636,-6.4217396,3
-52.67099,8.719985,0
9.5480585,-29.031689,2
-50.106533,-3.7773502,0
10.584695,19.600868,3
13.3082285,-18.325853,1
55.026745,-2.2430754,3
-36.168804,-3.8745992,0
3.2181911,-2.3485982,1
21.571123,-19.463377,2
-34.649826,19.207441,0
21.59505,-12.110735,2
-21.507034,21.540056,1
56.561607,-4.194842,3
4.1597214,-13.950577,1
-42.28693,19.914825,0
-14.218571,20.89841,2
43.293247,1.1969112,3
-41.799732,8.341225,0
-25.217949,30.736296,2
5.307982,-10.241258,1
20.870718,-35.86126,3
-39.971077,18.386913,0
40.450695,6.712203,3
-28.861845,27.33847,1
-40.897873,24.52658,0
37.964077,-1.0257509,3
-22.306229,-9.383397,1
-5.350308,-27.873571,1
30.18508,6.380904,3
40.562252,-18.264353,2
43.624584,-17.348278,3
-32.255325,-16.732296,1
-11.841105,19.969398,1
-47.16071,2.3630369,1
-42.632416,14.65555,0
2.626033,-28.354399,1
51.90665,-7.0144105,3
-17.74937,27.253231,1
-52.128147,5.866537,0
-6.603474,-18.659786,1
-17.753624,-27.223736,0
-48.848907,5.579414,0
25.584272,-19.617828,2
-44.97088,-2.1068485,0
19.234863,-3.974719,2
4.8441253,-22.975693,2
-31.693943,30.854897,1
-29.93454,-3.9366658,0
35.894646,-14.176049,2
-24.556437,30.443539,1
9.161572,-4.9204473,1
16.884386,14.403385,3
-31.094877,2.9631698,0
41.2472,7.407688,3
40.516407,27.858822,3
15.302411,-10.376278,1
28.981945,32.16873,3
12.795646,-7.269445,1
30.027622,29.22144,3
-17.362162,31.165049,1
-8.880368,-8.000268,2
13.885871,28.228846,2
35.835815,-12.597153,2
4.628577,-28.063225,2
-38.765545,-16.676964,0
-33.450092,5.5387235,0
-43.689625,-19.111494,0
-42.94537,-12.244744,0
24.197044,21.445536,2
-39.8924,12.1314945,0
-36.02946,17.99946,0
-35.9139,-5.380165,0
26.786844,14.13216,3
-40.151665,-23.610481,0
-34.85984,18.575375,0
47.226295,4.164926,3
-34.582897,28.556269,1
9.064754,14.373401,3
-38.499737,-3.2263033,0
21.055689,-27.69219,2
-32.666985,-16.16372,1
18.616747,21.307896,2
36.27157,-2.5976264,3
-36.195396,-10.775036,0
-39.033966,-14.587506,0
-16.709326,32.08958,2
42.105534,-11.490608,3
-1.2545733,-27.705551,1
-53.617943,-8.4531555,0
-49.609814,10.314259,0
10.407065,-36.297733,2
-44.11226,20.866594,0
52.732708,-5.092509,3
-26.3072,-18.85265,0
49.39498,11.60116,3
12.923869,-19.113827,1
-16.641403,-4.129905,1
6.6382837,20.913322,2
14.103135,-22.258429,2
34.14078,21.799305,3
-23.882774,-6.2869353,1
48.676846,3.0021229,3
8.586555,-22.001816,2
25.930515,-6.2506704,2
-38.433067,-4.2924876,0
-11.176708,-25.268644,1
7.1312256,17.081625,2
19.04496,28.259275,2
19.65987,-10.283538,2
33.580627,31.270702,3
-2.731529,19.9103,1
-12.025964,-24.024439,1
-17.694263,-7.3030415,1
-36.946518,-15.441003,0
-51.351048,-7.36187,0
-44.958565,-22.152103,0
-52.436687,5.910725,0
-13.238696,13.895454,1
-11.343739,-27.349527,1
7.0071673,-25.225792,2
16.872477,-11.368597,1
54.308376,-0.09407946,3
1.8728065,-23.058416,1
-9.096831,21.97634,2
-48.72995,6.9577217,0
19.488728,-21.259764,2
-50.356236,7.5600295,0
19.468004,30.762949,2
28.065434,13.686167,3
18.172663,28.582727,2
-17.060787,-26.938288,0
38.982643,-2.0497384,3
-33.66778,-25.01166,0
48.356316,15.675299,3
-54.0963,-3.4597688,0
44.09709,6.4020963,3
7.7086945,12.329688,2
33.022594,32.45632,3
-7.878811,9.437008,0
2.8468342,-27.234991,1
-3.7434518,9.878848,1
13.370631,-0.24377038,2
-23.355873,-0.9686391,1
-24.991726,-3.032121,1
-41.733715,12.529672,0
-18.888487,-6.301738,1
11.203237,31.313284,2
-47.158775,-22.52702,0
43.141735,-15.305709,3
31.394943,28.7015,3
24.908457,-32.526863,3
-18.6877,-27.112057,0
-51.555485,1.8286315,0
-41.13234,-15.788059,0
-8.844158,24.447607,2
22.893665,-8.538606,2
10.0166025,20.04311,2
-30.556717,30.255833,1
-42.648407,-24.723087,0
-1.4307694,25.097933,2
-7.7720246,-22.54188,1
14.93058,0.6700515,2
-0.7262092,23.824614,2
-17.120893,-7.8567896,1
-18.143017,4.41246,1
-2.1464438,-34.477425,1
11.276336,31.537962,1
-15.565622,1.8493868,1
-30.353237,22.193869,1
-24.73336,-3.5746508,1
12.407489,-24.261364,2
-29.334824,-11.826434,0
-46.694397,6.9453506,0
-31.916342,16.81896,0
21.587732,-35.00463,3
43.137302,-1.7808408,3
41.293022,-4.094001,2
-37.967392,18.635416,0
-6.7331243,-24.22984,1
-3.7155051,14.486745,1
-7.8429656,15.858874,1
-0.6650109,2.0369017,1
24.240301,-13.198603,2
9.918941,-12.659269,2
7.330936,-9.452655,2
12.733733,29.959618,2
-22.878838,-24.415518,0
41.96823,27.57138,3
-39.268143,15.856348,0
34.941593,-0.017980665,3
-40.23263,-15.728188,0
43.667805,-18.194263,3
41.32893,-3.174602,2
-35.322727,28.836466,1
-5.336866,-9.081318,2
-37.420723,-8.786556,0
12.368137,29.639565,2
-17.867949,-9.519033,1
41.46174,28.346666,3
-28.302505,-20.484568,0
17.234556,-3.1891572,2
23.105473,-30.62355,2
28.176699,27.619982,3
-24.533169,-1.0581305,1
52.163597,-7.83775,3
-34.329033,-17.100424,0
51.3195,10.950183,3
-47.564964,-3.9690104,0
-32.505226,-19.16174,0
-36.479122,5.680029,0
15.765011,-35.7152,2
28.486446,-17.365122,2
-23.108313,34.13184,2
1.1352259,23.469545,2
-46.64237,-8.724125,0
18.405039,27.190596,2
-37.63128,17.294392,0
0.5610474,-26.69381,2
-51.33821,-10.26415,0
46.23918,7.4962707,3
-24.677397,25.469925,1
47.26,13.1727705,3
31.181816,-22.851171,3
-0.8830918,23.96123,2
11.969535,-26.151342,2
12.288664,31.05169,2
18.027687,-14.607424,1
41.950356,-12.034918,3
-43.61167,-12.231691,0
-24.926788,1.5877292,1
-19.646067,0.7980518,1
37.75173,-0.4765622,3
30.228743,5.8821917,3
36.99804,-16.845676,3
39.243816,25.477589,3
20.347198,21.549623,2
-36.16798,30.205591,0
29.178576,4.8968334,2
23.38563,-16.322193,2
-38.52435,25.224659,0
-17.451338,-7.0581737,1
40.9508,-19.199736,2
19.015331,-13.714414,2
-4.237452,-34.68054,1
16.55967,-22.419683,2
-34.109886,9.916443,0
-56.18191,-5.4513416,0
4.035964,23.161224,2
5.6675887,-35.9397,2
-17.528471,2.1501563,1
-35.91017,7.6593223,1
30.32345,30.182528,3
13.161483,-5.7629514,1
-54.07402,-7.9684834,0
-32.171227,14.266963,0
-25.528742,-20.682161,0
0.5696585,23.335001,2
-38.198513,4.572024,1
-0.68333405,-30.13153,1
-44.972004,5.0697894,1
-37.272923,28.224049,1
-24.186302,4.4534855,1
-35.86292,20.342358,0
1.8220658,-29.351812,1
37.95717,31.194948,3
6.0046015,-22.091389,2
9.322667,9.685874,2
-28.798407,-12.5057,0
5.7650185,8.1367445,2
28.941624,6.339474,3
-15.488565,-0.5867636,1
-52.50823,3.6361778,0
-52.16084,4.7,0
-20.746946,-24.975525,0
-31.608328,-20.552605,0
31.102793,-10.992288,3
-31.395952,14.600203,0
41.463776,29.047333,3
28.0383,-19.210962,2
8.3842945,8.792442,2
-17.6077,27.728695,1
-39.071384,-23.678545,0
30.482075,26.93083,3
-21.689281,-5.5953407,1
-51.027172,1.2948393,0
26.103456,-15.589952,2
5.825142,-11.661085,1
33.89533,17.524895,3
12.161284,-18.936722,1
23.282167,-20.739208,2
11.6724,14.998413,3
20.002274,-13.342041,2
-17.357948,22.996359,2
-7.5103893,18.442648,1
17.469734,-31.972391,2
-30.905691,-10.042389,0
26.097746,-0.12241365,2
49.995388,13.619468,3
-3.8861907,2.849467,1
-50.398205,-17.77792,0
-50.12779,-17.142578,0
33.409515,-23.652426,3
-47.3983,5.7409673,0
-43.243214,1.6824554,0
4.6720667,-29.710175,2
-9.383637,-17.981018,1
44.12823,7.13016,3
-15.256889,20.082136,1
-16.697714,2.052905,1
14.957162,-13.365965,1
33.068413,5.8630214,3
-14.996803,-0.3001214,1
-28.671455,11.574033,0
-25.42977,-19.943363,0
-34.394924,18.517672,0
55.426743,-5.8397713,3
2.0550854,-28.573597,1
50.332,2.8912475,3
-47.212505,0.34868225,0
15.637705,-4.20517,2
21.024734,-36.48265,3
-15.639804,5.4226685,1
-6.3718266,13.272321,1
-8.432696,-18.023878,1
26.12639,-31.868465,3
7.788573,-22.256954,2
23.872433,-31.086245,3
10.344434,-9.563768,1
-29.762602,-3.7960906,0
50.8887,2.359826,3
20.035069,-31.766584,2
32.269985,9.55026,3
31.671434,10.155724,3
30.993814,-8.382115,3
-13.853856,12.419021,1
25.719765,-18.773369,2
43.893536,-0.76832443,3
-6.5218267,-16.540232,1
-8.05374,-6.1195292,2
23.901068,25.197851,3
-18.268797,32.11557,1
-4.155305,17.493357,1
38.86023,-11.841812,3
-7.023552,14.874745,1
-14.693215,22.90444,2
-8.859525,15.324133,1
-22.206064,-6.825469,1
-39.84437,17.251291,0
-22.532532,31.42383,2
35.63989,20.903744,3
20.482334,-14.070576,2
32.155632,-20.892723,2
12.38808,-9.987152,1
-44.902355,-21.981874,0
-38.879044,11.931352,0
-7.327852,-29.327301,0
19.910706,-10.886378,2
29.25712,16.826075,3
-7.609108,15.107768,1
51.590496,-6.7845364,3
38.77345,-12.746033,2
-35.830162,0.80195415,0
4.9089017,-15.342585,1
25.70758,-13.004625,2
-43.641933,0.25534657,0
-11.141321,-28.338345,1
-6.232966,15.724773,1
-38.993034,-11.807384,0
-7.659924,-24.446823,1
16.003773,-14.34483,1
-23.022257,-22.351336,0
-46.796818,-6.123388,0
-29.523977,29.31413,1
33.190636,9.847751,3
-28.275646,2.3320122,1
34.0327,5.691187,3
7.6907034,22.369923,2
-11.824254,-5.22118,1
11.587627,15.098975,2
-36.213924,14.559208,0
-3.7598896,11.904434,1
20.616339,28.956295,3
14.05726,-17.797298,1
-14.176266,-3.444289,1
-24.08847,28.322655,1
32.02297,12.582062,3
38.76104,-11.540421,3
41.110085,7.665711,3
-18.082943,-0.8414282,1
41.893047,25.712755,3
33.5062,19.322536,3
44.975956,-10.329533,3
40.621784,30.978682,3
-15.725987,-26.92323,0
-23.951294,31.093386,1
-54.532936,-1.9817989,0
26.549713,24.474354,3
10.839727,-27.72522,2
49.580948,-1.1890129,3
18.236774,-3.8508348,2
-22.573046,32.736137,2
-24.272356,-23.825459,0
-46.318,-16.399506,0
2.9705951,0.24897753,1
14.743937,-28.851469,2
-48.24012,-17.19353,0
-5.7706337,12.823069,1
28.11079,32.983524,3
15.770328,-24.982393,2
55.590237,0.21695603,3
-48.83016,4.9149265,0
-45.097183,-17.547024,0
-39.42915,18.477781,0
3.446368,-23.195023,2
16.029215,29.73056,2
-28.749338,-11.174615,0
-40.41159,23.941113,0
-19.559551,4.525348,0
-40.543114,15.788881,0
-15.021669,-8.105832,1
41.00688,24.926233,3
22.986002,4.932654,2
13.853817,21.752012,2
50.06716,9.943997,3
-35.707474,24.250793,1
-23.868628,27.218132,2
-38.193287,11.898173,0
3.771923,-25.759483,2
10.590508,-35.84184,2
39.055656,5.244063,3
27.290245,16.550583,3
-6.309224,-17.205105,1
-22.5722,11.254702,1
46.321697,17.207733,3
20.265617,-3.564306,2
19.585022,-33.191837,3
-31.977074,-24.987043,0
-8.121348,-7.5346885,2
4.939519,-2.1779685,1
12.129826,-33.94981,2
5.6133075,13.231968,2
-51.877533,3.0092883,0
-22.666864,-18.07698,0
5.656853,18.387129,2
17.361092,-35.39613,2
31.857193,32.545013,3
30.965681,13.043002,2
12.453704,14.14387,2
-30.568733,13.015681,0
-53.319798,7.4713507,0
-28.138857,9.074963,0
-42.007816,-20.316542,0
-52.1493,-6.183636,0
-12.012249,-25.512432,1
-31.452621,-19.567604,1
-19.714323,27.59479,1
-53.697464,6.3209376,0
0.021456094,-24.478556,1
31.61614,6.6229525,3
36.76512,-15.374417,3
20.391861,29.407776,2
42.5242,-1.9226079,3
-52.813797,-5.2415404,0
19.483624,20.9232,2
-4.971874,17.921377,1
8.74811,-13.587508,1
-41.16235,21.255457,0
24.838522,-32.15037,3
8.000799,-7.8090115,1
47.58408,16.27548,3
43.028675,-11.756331,3
11.614262,-10.155431,1
26.482424,-16.722355,2
-15.92935,21.04539,1
44.11229,-9.233001,3
-15.942909,2.687186,1
22.752512,22.70713,2
-52.429737,-7.704541,0
22.332565,20.605705,2
16.599749,-1.3823519,2
41.268936,-5.006187,3
-26.017546,-17.948387,0
-24.629671,32.9318,2
44.19584,15.333315,3
-39.958015,-2.324681,0
30.99567,-21.644121,2
-23.961329,1.2191147,1
-36.603497,-23.121965,0
-38.783722,3.1862001,0
-44.026844,-0.8286229,0
37.76261,-13.495651,2
-28.016327,1.9829879,1
28.787659,-18.636347,2
-31.079805,1.3000977,0
29.149189,34.20886,3
29.779741,18.224134,3
-8.445526,-24.655085,1
-41.05329,23.72519,0
-20.33871,24.190413,1
38.533447,22.204866,3
-42.79,-0.55486965,0
9.151874,-28.42829,1
35.62425,-3.1095097,3
9.430941,13.929266,3
43.3002,-14.506037,3
39.800045,-2.5493734,2
35.21899,19.894203,3
12.663612,-24.622597,2
14.12285,15.749044,3
-27.818766,-12.083159,0
-35.12702,13.437065,0
32.24373,14.934385,3
-27.594852,1.440426,1
-50.68993,10.737423,0
-4.3710694,15.402299,1
-36.87921,17.67269,0
13.026472,-27.489132,2
29.849499,3.7511604,2
50.55679,0.8893001,3
-26.248491,-21.309721,0
-4.7205844,-28.773628,1
-24.32127,0.26210603,1
-16.711384,19.4801,1
50.001637,-9.753441,3
-5.004382,-33.59074,1
30.572054,-17.1679,2
-30.175085,14.073748,0
-13.002951,-8.619369,1
46.360962,-4.043403,3
52.39448,-5.4768047,3
-23.124464,-23.820604,0
-19.614073,2.5572524,1
36.885056,-15.738088,3
22.645826,21.602837,2
-49.634674,3.485307,1
-32.50527,8.570114,0
25.04747,2.5462077,3
17.969992,-32.478184,3
29.83077,28.027884,3
42.021652,-19.1685,2
19.645441,21.575872,2
-4.7690554,16.190449,1
-46.42289,-19.369883,0
55.031326,1.4146352,3
40.65696,-14.114387,2
-18.64244,-21.696283,1
-43.201042,-14.265963,0
23.326254,-14.342511,2
-6.273837,-30.091702,1
35.295113,15.287793,3
-5.4442725,-5.674077,2
-24.186125,2.0270092,1
37.509953,17.846937,3
40.57331,9.699008,3
2.7597437,-4.6499248,1
3.4206002,-21.529356,1
-42.059765,2.3296268,0
54.36216,-1.3083912,3
-41.982952,-22.83964,0
-8.346858,25.533981,2
32.568077,13.032462,3
-31.003366,0.38149604,0
8.621472,17.28092,3
-43.55545,-22.692043,0
-44.970146,-21.041885,0
8.817981,-30.637714,2
11.742633,-8.14064,1
-36.313736,13.793412,0
12.197871,-4.628559,1
-44.57646,-23.376314,0
5.4599657,-15.616414,1
28.151503,31.036953,3
-31.69796,30.404228,1
40.772335,-13.265229,3
15.735514,-23.344324,2
-34.72534,-9.2663555,0
33.729923,-22.445707,3
-14.385131,-7.1905293,1
4.928423,13.141941,2
8.690636,-35.04827,2
-28.13294,27.003542,1
35.013287,-14.1754875,2
-49.881138,-8.234638,0
-29.454884,-8.924227,0
48.946354,12.1385355,3
19.029955,-34.082344,3
-18.189413,-2.1834426,1
14.057509,8.969986,3
56.023373,-0.25264174,3
35.371563,31.257675,3
48.91228,-7.2450433,3
45.811943,16.723274,3
6.297104,-14.748237,1
27.254313,35.62362,3
-21.573748,3.2616084,1
-28.11084,27.36237,1
17.499662,1.6457558,2
19.592144,-5.8120627,2
-42.1359,-21.511992,0
52.228794,-10.932701,3
-55.000854,-6.2640357,0
6.2137303,11.496917,2
7.1357207,9.640644,2
26.68278,-19.985226,2
-25.975016,-19.79032,0
50.00881,-2.192226,3
44.864765,-18.139692,3
5.7024984,-35.161446,2
14.127522,10.250301,3
26.52022,24.497778,3
-19.325838,-23.361172,1
42.171833,0.7734531,3
37.131905,31.131804,3
-29.528027,-8.184659,0
-8.81571,11.147392,1
29.358463,-17.494463,2
-25.317066,-1.7442548,1
44.16483,8.498952,3
19.108397,2.1325672,2
-7.285518,10.095328,1
22.414125,-12.704908,2
-15.496304,6.146464,1
6.7176394,-1.1684703,1
19.48883,-35.51714,2
-46.95964,-4.066457,0
23.819496,-29.27864,2
40.828796,26.00545,3
-20.693787,4.628576,1
-37.468838,16.790272,0
14.28305,-3.6057255,2
12.108848,-32.249416,2
49.636604,-2.2369034,3
31.82231,-22.398739,2
-20.235806,8.146591,1
-19.697659,-7.9582276,1
8.838403,-31.578066,2
-47.7666,-11.283132,0
-21.64642,10.077082,1
-19.187336,20.615002,1
24.89433,4.3800044,2
-3.2955494,-33.705738,1
-20.897108,-24.807646,0
-6.034158,-29.317055,1
-0.8413786,-28.205612,1
7.024923,-22.590816,2
31.97954,5.7368503,3
-31.8918,11.143489,0
37.711063,-17.870642,2
-40.445522,-6.4781365,0
9.089649,16.627607,3
-48.197933,6.361476,0
11.235695,28.566427,2
-32.472507,-9.437945,0
42.600636,2.6826305,3
51.7261,-9.28413,3
41.07906,30.392914,3
20.514578,28.353354,2
6.350002,-26.633606,2
-50.17699,-5.57625,0
19.889555,21.576199,2
16.286121,13.7062025,3
50.345207,12.254971,3
27.910248,14.885639,3
48.832447,14.023162,3
37.511875,19.190878,3
19.882498,-4.9723086,2
0.6094332,0.9720504,1
-47.73148,-17.644966,0
3.403815,12.365257,2
-32.27249,1.3120866,0
7.3631597,10.037556,2
13.62746,14.433513,3
-49.37842,-7.6590457,0
-42.216915,3.7178135,0
-5.8369555,-17.51077,1
16.528177,-14.655403,1
36.260845,30.646004,3
7.177975,-33.251915,2
28.907238,-17.802967,2
-47.79953,-20.872734,0
30.232925,-10.921605,2
37.30089,15.347161,3
55.156456,-7.523947,3
-22.844717,-18.045454,0
15.445966,-14.445318,1
-25.260006,29.22834,1
-12.17358,20.394022,2
29.951916,5.120103,3
-6.870429,11.094643,1
-19.397528,21.898907,1
18.978436,-25.316257,2
48.925205,6.794,3
26.623154,1.9335339,3
33.319542,10.3659935,3
-8.045169,23.655241,2
45.60028,6.0241137,3
-47.778656,-4.6430693,0
35.88378,29.813124,3
3.2853782,-3.4955125,1
-39.28757,20.950514,0
13.384386,8.664761,2
-41.737617,-17.46846,0
41.785046,-15.866927,3
-18.402575,22.48721,1
-42.757214,22.469156,0
-34.001694,-11.51928,0
-37.499557,-2.7805173,0
-17.343723,-0.1446189,1
-26.237576,-20.020542,0
-25.64121,32.476715,1
-18.20396,-27.40715,0
46.712032,18.433147,3
22.418163,19.696781,2
23.55819,24.853434,3
-50.916027,-17.85466,0
-13.387722,13.394922,1
17.964672,-22.63716,2
-41.713806,11.480291,0
18.570778,-10.034262,2
-4.682543,10.307482,1
-3.0015934,20.77161,1
-56.128437,-6.128136,0
-6.956986,23.345667,2
-6.5611167,23.496693,2
39.694286,-19.472181,2
29.652843,-5.6347857,3
30.437208,25.750805,3
20.155502,2.3994422,2
-32.841003,-24.82995,0
42.702625,-17.693132,3
-47.343594,-14.764438,0
13.314469,-5.192591,1
20.93623,-35.01437,3
41.246117,25.65072,3
-41.431725,-21.971453,0
8.640192,-12.890836,1
11.699927,-10.963356,1
-26.73033,13.71954,1
-24.924936,3.5522091,2
25.629961,34.83224,3
56.311756,-6.891302,3
-51.04259,8.6298,0
-13.283416,-27.333544,0
-39.015453,-5.7585144,0
22.41844,19.803946,2
-46.479294,-13.937212,0
25.273886,-29.1886,3
14.306907,-4.372228,2
31.600471,-19.748592,2
51.40482,-9.918863,3
-50.042236,10.161961,0
13.459548,27.8022,2
-8.490426,26.6389,2
-34.072727,15.456971,0
3.0118408,0.90423566,2
-53.227856,-9.094837,0
40.244873,30.662863,3
-41.419373,-12.800537,0
6.6673317,-4.015713,1
12.016555,-9.281203,1
-33.766373,5.2720194,0
2.7612784,23.851213,2
45.462334,-2.9694645,3
39.250084,-17.054583,3
40.83018,-15.79456,3
-22.614786,28.489386,1
39.36354,5.7079296,3
38.054394,28.8085,3
-41.03295,25.525938,0
31.926956,-20.102541,2
-43.203823,-0.17950383,0
-26.38902,30.558668,1
9.453038,-13.408685,1
-32.272675,-10.014559,0
-19.137589,32.11005,1
30.52338,-4.99725,3
-0.5673291,1.1389543,1
-4.488267,-6.270664,2
-21.999914,-24.603613,0
-34.56649,-24.495771,0
44.181858,5.787749,3
20.864304,-2.9258428,2
42.941204,9.905027,3
11.3138275,-35.759354,2
55.23427,-4.0449376,3
41.48825,25.958376,3
8.248014,-7.129493,1
-44.710724,20.879704,0
34.58071,26.310556,3
-45.429657,-13.591755,0
-15.731648,5.1641703,1
4.3353996,0.8155863,2
30.390024,19.626278,3
36.892395,-13.097681,2
12.958287,17.317345,3
6.4007235,-16.377449,1
1.2082117,-28.19149,1
-42.327953,-20.860249,0
51.936985,1.4813852,3
-41.433464,-17.757402,0
-23.695349,-1.8174974,1
-25.752321,29.747908,1
44.237778,11.676688,3
46.968773,-2.3752105,3
-9.217569,-9.871832,2
0.08534397,19.62049,1
-45.52753,-3.3976443,0
-37.058716,-24.837801,0
15.404906,15.897012,3
41.44981,-15.148535,3
16.948723,12.537037,3
-28.065073,29.053915,1
-12.613688,-26.797935,1
56.235474,-4.084032,3
10.711698,19.180706,3
43.43065,3.4669316,3
35.880413,20.761345,3
18.983139,2.1854231,2
-33.969997,-15.901456,0
-3.8398104,-33.6373,1
33.011597,32.9917,3
-36.54295,29.580843,1
-24.80339,-18.597736,0
32.243652,-6.673976,3
0.04053848,0.32762387,1
-12.59502,21.544237,2
13.728372,8.052605,2
2.9982834,21.876305,2
-6.6259494,-8.958576,2
-8.057818,26.926006,3
11.266206,18.42411,3
35.265152,19.09191,3
-0.26118183,20.450872,1
-6.726578,-18.73806,1
2.173881,0.6573124,1
27.246525,-0.028764708,2
29.427124,18.918606,3
27.587307,-16.24461,2
54.310833,-0.76528865,3
11.748191,-16.913803,1
7.3188653,19.890804,3
-1.0282613,-32.84856,1
-22.626902,26.361588,1
32.21011,-22.308796,2
22.07229,-16.878336,2
-7.895912,-8.327669,2
1.7995673,-29.520687,1
7.207293,-8.731796,1
-14.967677,5.5039954,1
-20.776373,-11.310185,0
5.6862297,-14.623975,1
-49.532486,-17.207031,0
-28.364399,14.840659,0
31.478146,9.024783,3
22.689415,-12.40148,2
-15.195403,2.3028498,1
32.587715,12.486713,3
-22.48635,32.012077,2
-32.32513,4.9093766,1
-16.268904,-1.8004633,1
-46.65879,-6.2366705,0
14.609634,8.56301,3
-8.443613,-9.633848,1
-34.78146,-16.12634,0
-50.76381,-6.488719,0
-25.21917,27.987934,1
30.708395,-6.250167,3
48.603962,13.994008,3
-31.179527,2.7293806,0
29.553936,6.2288957,3
-10.995277,24.58521,2
25.887463,-13.272361,2
-46.98968,-1.2821327,0
-15.642329,31.256317,2
-52.165268,-8.188544,0
13.795975,28.00816,2
-30.156492,21.700642,1
14.893546,-24.833775,2
-49.837685,-8.157774,0
-34.937637,-23.690351,0
23.191055,-33.782207,3
-39.884354,13.044256,0
12.177326,-17.461275,1
-3.8972049,16.403967,1
-17.458145,-26.098482,0
6.444223,12.2200365,2
-34.184135,16.415138,0
46.651485,-6.1416473,3
10.550542,17.869526,3
6.8496814,-23.579483,2
-20.03606,-11.085063,1
-5.19936,11.441898,1
33.99482,16.259945,3
5.6328845,-7.9832096,1
-6.3975005,-9.677811,2
-42.318142,-12.674997,0
39.394344,0.6555221,3
-17.754873,30.146883,1
-8.74524,-17.490349,1
17.938562,29.946518,2
19.846317,-14.2743,2
-34.859467,-11.584152,0
33.896374,26.29034,3
-15.985292,30.15999,2
-43.16549,3.8102062,0
-38.977432,25.266418,0
20.045109,-36.170166,2
12.307478,0.39640933,2
-26.254894,8.674558,1
26.996986,19.597738,2
45.428932,-10.823809,3
40.983986,-3.7045374,3
-7.915926,-19.875742,1
-21.37867,-5.432845,1
-47.65944,-22.42737,0
13.185116,15.4256935,3
-5.9860973,-6.0991974,2
19.710564,-4.424315,2
39.401295,-13.303026,3
-38.656223,-24.51507,0
-46.054657,-17.700684,0
46.35172,16.270073,3
48.399544,-8.330736,3
-36.92498,14.944437,0
-36.820713,-11.290102,0
-37.648937,2.0366871,0
7.3733234,-9.726448,2
-24.328922,-5.8554125,1
12.184796,-30.447084,2
41.76212,4.513759,3
-53.012867,1.9973295,1
-13.594691,-0.871146,1
42.141273,-15.42183,2
-45.702724,-23.539204,0
9.659756,0.9128645,2
50.31089,10.338467,3
41.090714,29.618874,3
17.743206,2.763242,2
13.940402,22.178001,2
-35.9084,0.92544836,0
9.996369,-31.736586,2
15.559212,30.177017,2
-4.3867607,4.0883155,1
40.593407,-17.284483,2
-11.131362,20.479532,2
-29.315615,11.663962,0
9.621096,-9.475493,1
-26.242165,-17.05547,0
-36.26494,16.179537,0
29.788479,27.220495,3
-47.716278,-16.1971,0
-25.46382,27.165802,1
54.725376,-2.9257917,3
12.571359,25.78833,1
-53.734776,-3.7742958,0
25.709753,-32.404156,3
51.318363,7.996877,3
25.955679,22.477924,3
-22.206793,33.335308,2
-31.627,21.902164,0
-23.252743,31.802279,2
-13.849313,-3.421673,1
-4.09431,-27.74445,1
-37.67563,-16.734753,0
-40.911217,16.841846,0
-42.77002,-15.379098,0
48.706142,-11.363795,3
-50.484425,-4.967032,0
21.127138,-34.590275,3
-49.481007,7.5192723,0
-44.667336,-1.5550693,0
4.590309,-2.2473059,1
41.73749,0.6366656,3
-20.806366,10.68966,1
-10.9573145,-27.214018,1
-17.163925,0.8903111,1
39.383106,27.269714,3
-54.23838,-5.96955,0
-54.538715,-0.5447845,0
-3.9226565,10.511333,1
-34.583973,10.412702,0
-54.1308,-2.2907398,0
15.581273,24.252213,2
-26.119904,30.809353,1
45.063545,19.559328,3
-3.6630456,-7.8172145,2
2.594547,11.017733,2
-5.357479,-32.840973,1
-26.609457,2.2298396,1
27.772076,35.050285,3
-22.349545,32.005585,2
5.9100943,-34.556637,2
-24.6824,-22.136732,0
13.050722,7.8937726,2
10.55178,-34.943855,2
6.6087413,-32.78131,2
-29.35124,13.824512,0
47.799854,-2.3884246,3
-22.647964,9.94792,1
14.054655,-28.696001,2
-47.801994,7.4968166,0
25.691559,5.0586023,3
4.513737,9.165963,2
-34.30446,14.87002,0
-19.815647,30.153316,1
29.807167,-10.372341,2
25.861654,-16.557167,2
40.815517,-6.255846,3
-18.929844,23.515316,1
-12.968198,20.482718,1
8.46505,-32.74964,2
37.537853,14.737389,3
32.503433,-7.6019964,3
-19.006372,0.9965975,1
6.015266,-12.806185,1
13.475639,-30.68784,2
-40.73087,2.3984761,0
15.131069,-29.993404,2
19.485565,-36.965588,2
10.549367,-35.719513,2
47.75668,-1.4990954,3
-1.6510841,3.142691,1
-19.070965,31.877094,1
19.662022,-32.324574,2
48.12629,17.31209,3
24.386225,3.4042492,2
54.066177,-4.859294,3
-29.93848,-8.2949505,0
-3.975694,-7.180391,2
-22.36809,-24.018894,0
13.664446,21.377346,2
2.3391337,-0.25760722,1
-16.068676,-7.512215,1
-37.50827,-12.599459,0
-50.81278,-16.21161,0
36.38469,-1.6792097,3
-36.11888,-24.757626,0
12.790184,-26.913813,2
-42.96473,23.281685,0
-22.13026,-5.36326,1
6.5340805,7.7467732,2
-22.790754,-22.79554,0
-8.401359,-9.517599,1
9.348126,-5.5514994,1
-39.088257,-3.5946414,0
36.97523,20.881908,3
-48.54319,3.6711798,1
-15.736652,-4.255745,1
22.877472,1.0203424,2
-19.054884,-10.4082155,0
-26.740501,-22.3671,0
-25.655085,-4.349476,0
12.221732,-25.993326,2
-1.4742134,4.8867745,1
8.545718,-25.271214,2
24.323334,33.976894,3
31.177761,30.374702,3
-49.613327,12.173752,0
7.8957696,-12.87498,1
-41.668697,8.419987,0
-9.719846,-17.458857,1
-7.341247,-19.766079,1
-50.876125,8.071337,0
-6.2337446,-23.559944,1
-30.0012,1.3602972,1
-4.8988986,13.392592,1
12.811038,24.14185,2
-21.850344,-8.053466,1
-43.036125,-11.235924,0
-2.809302,-33.643337,1
-13.287086,5.740784,1
25.566534,-20.016006,2
28.486792,34.48688,3
-25.360228,-16.999716,0
19.956097,4.3345704,2
-12.855041,23.91996,2
-54.291397,-4.620435,0
51.331963,-7.5480456,3
-31.305895,31.097408,1
22.996292,-20.310673,2
39.224842,22.686615,3
14.133417,12.0291395,3
41.503803,9.304147,3
-33.07894,5.9012475,0
29.152382,0.86809033,3
-32.608093,13.478156,0
45.05363,10.555274,3
-30.43954,-10.476995,0
34.448704,-0.7191854,3
0.43696478,1.262198,1
3.4542286,-13.284758,1
-12.842861,-22.966982,1
-6.4923205,-22.318426,1
-4.434298,1.4736106,0
46.928978,-0.38008568,3
-35.284405,7.8466625,0
-42.89791,14.491591,0
6.3038416,9.080375,2
-8.927186,21.961384,2
20.142565,-30.533295,2
-0.4530035,-24.29067,1
-27.545944,27.58158,1
46.54535,19.071157,3
-18.259512,24.265797,1
26.109344,-15.830495,2
-27.0971,1.1600465,1
27.75285,14.513342,3
27.721983,15.14704,3
-42.754772,-23.418644,0
21.061182,-3.0622725,2
46.23553,2.0879285,3
-4.761533,1.2675918,0
22.057037,-30.094318,2
-36.684376,23.553574,0
-2.1346955,24.975029,2
44.9816,7.5943785,3
-48.911682,-17.93036,0
11.560995,-0.083381295,1
0.18177104,-27.822298,1
25.034782,-33.438457,3
-12.440085,-23.104292,1
14.201597,29.466436,2
-24.017035,-23.769215,0
-44.928753,-13.498743,0
21.983318,20.732803,2
8.188797,-1.5427339,1
21.124859,-22.341532,2
3.8924224,-34.786594,2
-8.825795,24.064737,2
-11.173158,25.88141,2
-36.49477,-24.487309,0
2.9116445,13.165685,2
34.64977,-13.719045,2
13.330059,-0.027269753,2
-19.126799,-22.614489,0
13.042605,29.102413,2
15.61173,-2.9208617,2
32.648716,6.0671473,3
1.3419063,-25.826227,1
9.456343,0.12647302,1
31.58876,7.836246,3
6.239568,-3.1561658,1
3.2217996,9.916654,2
19.29908,27.402777,3
-26.967789,-15.376312,0
-43.43625,-19.274057,0
4.303107,13.068116,2
-32.011845,-22.838408,0
-19.14911,32.72341,1
10.007932,10.285638,3
-28.863874,16.123161,1
40.51339,8.696097,3
-53.08056,2.0163844,0
-9.849356,21.288412,2
-37.22858,4.4415865,0
6.3090835,-26.644575,2
35.571278,-0.455167,3
49.839386,7.995588,3
-26.931055,15.046582,1
-23.289673,10.586515,1
-34.66252,30.648636,0
-7.9835854,-7.4249196,2
-39.741314,-15.052991,0
36.219475,-11.906444,3
-12.127696,-22.57932,1
6.375066,10.08738,2
-53.73333,-0.08801349,0
28.150251,-16.821247,2
-19.905207,21.805204,1
-12.006287,-27.831364,1
44.27819,16.954916,3
3.4253473,-8.579807,2
-23.233871,-21.092985,0
25.373304,1.6660823,3
46.866642,3.8607671,3
31.40252,33.554417,3
4.5295095,-34.04686,2
21.942476,-36.559322,3
-24.74953,31.641912,2
-46.06779,1.2072151,0
-21.646679,-21.380444,0
36.855225,14.120437,3
4.8114834,-0.100057505,1
-15.095573,-26.276464,1
41.723335,7.034963,3
50.37692,-8.574278,3
-35.60553,12.802577,0
34.887165,15.892244,3
-12.966054,-6.754683,1
33.711098,20.39435,3
30.190296,-8.089073,3
17.010017,-15.372675,1
-4.0878835,11.895345,1
4.3984685,10.658348,2
45.213627,7.8375654,3
24.515434,25.08428,3
15.5009,25.231745,2
-15.574039,29.06486,1
21.861866,-15.710695,2
2.2855754,-3.1643217,1
16.063345,13.20792,3
-36.12081,15.361751,0
3.477679,10.773374,2
14.620812,11.583233,3
9.080085,-6.507935,1
