battery_power,blue,clock_speed,dual_sim,fc,four_g,int_memory,m_dep,mobile_wt,n_cores,pc,px_height,px_width,ram,sc_h,sc_w,talk_time,three_g,touch_screen,wifi,price_range
563,1,0.5,1,2,1,41,0.9,145,5,6,1263,1716,2603,11,2,9,1,1,0,2
1821,1,1.2,0,13,1,44,0.6,141,2,14,1208,1212,1411,8,2,15,1,1,0,1
1954,0,0.5,1,0,0,24,0.8,187,4,0,512,1149,700,16,3,5,1,1,1,0
1445,1,0.5,0,0,0,53,0.7,174,7,14,386,836,1099,17,1,20,1,0,0,0
509,1,0.6,1,2,1,9,0.1,93,5,15,1137,1224,513,19,10,12,1,0,0,0
769,1,2.9,1,0,0,9,0.1,182,5,1,248,874,3946,5,2,7,0,0,0,3
1866,0,0.5,0,13,1,52,0.7,185,1,17,356,563,373,14,9,3,1,0,1,0
775,0,1.0,0,3,0,46,0.7,159,2,16,862,1864,568,17,15,11,1,1,1,0
1131,1,0.5,1,11,0,49,0.6,101,5,18,658,878,1835,19,13,16,1,1,0,1
1949,0,2.6,1,4,0,47,0.3,199,4,7,407,822,1433,11,5,20,0,0,1,1
1602,1,2.8,1,4,1,38,0.7,114,3,20,466,788,1037,8,7,20,1,0,0,0
961,1,1.4,1,0,1,57,0.6,114,8,3,291,1434,2782,18,9,7,1,1,1,2
851,0,0.5,0,3,0,21,0.4,200,5,7,1171,1263,478,12,7,10,1,0,1,0
1568,1,0.5,0,16,0,33,1.0,150,8,20,413,654,508,5,1,6,1,1,1,0
1319,1,0.9,0,3,1,41,0.9,107,1,18,85,1152,2227,18,5,3,1,1,1,1
644,1,2.7,0,0,0,22,0.7,157,8,3,311,881,1262,12,1,15,1,0,0,0
589,1,2.3,1,1,0,61,0.6,160,4,10,429,815,2113,13,7,2,1,0,1,1
790,0,2.0,1,16,1,11,0.3,87,6,17,347,730,3169,6,1,2,1,0,1,2
1347,0,2.9,0,5,0,44,0.6,132,1,14,434,967,2484,18,2,11,1,0,1,2
1656,0,1.0,0,5,1,34,0.1,166,3,7,880,1456,1629,15,12,14,1,1,0,1
1195,1,2.8,0,1,1,20,0.8,110,2,14,1580,1652,504,9,3,12,1,1,0,0
1514,0,2.9,0,0,0,27,0.2,118,3,1,186,1810,1152,8,3,20,0,1,1,1
1723,1,1.1,1,1,0,42,1.0,164,8,14,202,1791,3587,10,5,3,1,0,0,3
1054,1,1.8,1,3,1,40,0.8,196,7,10,27,774,2296,16,12,12,1,0,1,1
578,1,2.6,1,2,1,57,0.2,162,8,8,1025,1433,1270,15,3,5,1,0,1,0
1760,0,1.4,1,5,0,63,0.8,127,8,19,1382,1383,2053,19,12,16,0,1,0,2
1936,0,2.1,1,10,1,46,0.6,104,3,20,667,1036,2552,14,7,13,1,0,0,2
823,1,2.7,1,13,0,60,0.5,148,8,19,822,1449,905,14,11,17,1,1,1,0
1063,0,1.4,1,2,1,48,1.0,128,5,4,127,683,2910,15,13,9,1,1,1,2
799,1,2.3,0,1,1,63,0.8,144,8,6,361,975,431,15,6,6,1,1,1,0
1156,1,1.2,1,0,1,50,0.8,159,2,0,322,547,470,7,0,15,1,1,0,0
1720,0,2.0,0,15,1,55,0.5,168,2,18,753,1353,2148,14,2,5,1,1,1,2
1242,0,1.1,1,0,0,10,0.6,165,2,1,459,1225,1050,11,1,4,1,0,1,0
1166,0,1.5,1,0,1,43,0.8,80,4,1,205,603,3993,7,1,7,1,1,0,3
1448,1,0.5,1,6,1,45,0.8,138,7,11,570,1724,3378,13,11,2,1,1,1,3
605,0,1.0,0,8,1,9,0.1,142,3,16,160,1026,392,15,6,4,1,0,0,0
797,1,2.9,1,4,0,38,0.5,90,4,6,763,1413,590,9,2,6,0,1,0,0
1114,0,2.8,0,4,1,9,0.4,197,3,15,1040,1071,907,10,7,17,1,1,0,0
1234,1,1.6,1,1,0,33,0.6,172,1,3,166,778,1449,11,7,6,0,0,1,0
1008,0,0.8,0,11,0,61,1.0,114,3,15,1077,1122,2009,10,3,11,1,0,0,1
1127,1,2.9,1,5,1,57,0.8,163,1,13,928,1049,2048,11,5,17,1,1,1,1
1496,1,2.0,1,4,0,42,0.5,182,5,5,96,741,854,16,0,7,0,1,1,0
1977,1,2.0,1,7,1,54,1.0,171,7,18,1226,1242,1971,18,7,14,1,1,0,2
885,0,2.3,1,0,1,15,0.4,103,7,0,769,802,1410,16,10,5,1,1,1,0
879,1,2.5,0,11,1,14,0.7,83,6,15,403,1105,349,16,10,2,1,0,1,0
1355,0,2.3,0,10,1,23,0.2,132,5,16,651,891,880,19,4,8,1,1,0,0
1665,1,0.5,0,3,1,60,0.2,194,6,18,1572,1684,1601,18,17,14,1,0,0,2
657,0,2.5,0,0,0,37,0.7,141,2,1,476,961,1412,14,3,18,0,1,0,0
1939,1,2.8,1,0,1,55,0.6,199,4,10,320,520,1047,14,10,18,1,1,0,0
553,0,2.4,1,1,1,8,0.5,121,7,3,325,902,1204,11,4,8,1,1,1,0
832,0,0.7,1,2,1,39,0.7,103,4,3,125,1504,1799,5,2,11,1,0,1,1
783,0,1.8,1,0,1,43,1.0,106,3,4,1198,1471,2016,16,4,18,1,1,0,1
867,0,1.4,1,0,1,4,0.7,135,6,1,70,1974,790,13,6,3,1,1,0,0
1804,0,0.5,0,9,1,22,0.6,153,7,19,1158,1244,3472,9,1,20,1,0,1,3
1308,0,1.3,1,8,0,46,0.9,199,1,12,275,989,488,5,3,9,0,1,0,0
1564,0,2.3,0,4,1,25,0.5,189,6,17,1259,1965,1496,6,4,7,1,1,1,1
1571,0,1.4,0,0,1,19,0.1,100,6,1,713,1398,666,12,10,13,1,1,0,0
645,0,0.5,0,1,0,41,1.0,197,7,10,327,580,2962,12,9,4,1,1,1,2
668,0,2.9,1,7,0,30,0.2,195,8,12,522,1056,2399,10,5,7,1,1,1,1
1652,1,1.1,1,1,0,36,0.7,89,4,5,313,1264,2338,12,8,20,0,0,0,2
1272,1,2.5,1,0,0,22,0.9,133,6,8,605,669,2235,19,4,4,1,0,0,1
536,0,2.4,1,12,1,3,0.3,182,7,14,1386,1539,284,12,9,4,1,1,0,0
523,0,2.6,1,1,0,14,0.1,155,8,2,304,1042,1427,9,1,9,0,1,0,0
1218,0,1.8,1,1,1,14,0.5,147,3,4,229,616,398,17,0,5,1,0,0,0
1537,1,2.5,0,4,1,43,0.3,137,1,5,839,1131,3685,18,17,17,1,1,1,3
1678,0,2.1,0,3,1,64,0.9,134,3,11,436,536,278,19,0,10,1,1,0,0
1101,0,1.8,0,0,0,31,0.2,148,2,7,387,1269,2196,12,6,19,0,1,1,1
1216,0,3.0,0,4,0,47,0.4,199,3,7,1852,1967,2268,13,5,4,0,1,1,2
1692,1,2.1,0,3,1,61,0.9,176,6,12,975,1996,1354,16,7,19,1,0,0,1
1485,0,1.0,0,2,1,32,0.7,84,2,9,510,1013,2147,19,1,11,1,1,0,2
1547,0,2.9,1,6,0,45,0.7,166,2,8,583,590,505,12,2,3,0,1,1,0
637,0,2.3,0,3,1,60,0.8,97,4,4,1125,1989,374,18,4,8,1,0,1,0
1224,0,0.5,0,16,1,6,0.4,109,6,18,747,826,506,10,0,11,1,1,1,0
1840,0,0.5,1,12,0,34,0.7,142,1,16,311,1545,1078,8,0,10,0,0,0,1
1481,1,0.7,1,4,1,37,0.6,96,5,13,116,1533,2945,10,5,16,1,1,1,2
961,1,1.5,1,10,0,51,0.3,152,6,16,554,621,2981,15,6,7,1,1,1,2
1296,0,0.9,1,0,1,14,0.5,124,5,3,811,1272,490,7,1,4,1,1,1,0
1193,0,0.9,0,11,0,26,0.5,166,1,20,730,1729,536,17,14,4,1,0,1,0
517,0,1.4,1,3,1,33,0.8,183,4,8,660,974,3704,17,16,11,1,0,1,3
748,1,1.7,0,0,1,27,0.9,150,8,4,450,1554,2126,18,9,7,1,0,0,1
1126,1,2.4,0,2,1,10,0.4,160,6,3,1223,1611,2050,7,6,12,1,1,1,2
1572,0,0.6,0,0,1,58,0.2,157,7,8,1109,1937,2462,12,8,10,1,0,0,3
1270,1,0.6,1,2,1,32,0.5,101,7,6,299,845,3770,5,3,13,1,1,0,3
1854,0,3.0,0,2,1,8,0.1,101,5,5,506,627,1886,17,4,20,1,1,0,1
1577,0,0.5,1,0,1,42,0.3,197,5,4,1045,1737,2060,19,6,12,1,0,0,2
946,0,1.7,1,8,1,25,0.8,143,6,15,650,1740,2177,7,5,13,1,1,1,2
685,0,0.5,0,2,0,29,0.8,93,7,10,433,648,728,14,8,4,0,0,1,0
1949,0,1.3,1,0,0,23,0.1,101,5,1,839,1136,2478,14,8,20,1,0,0,3
801,1,2.2,1,2,0,63,0.4,165,7,4,650,879,1617,17,4,19,0,0,1,1
703,1,2.7,0,12,1,30,0.3,113,1,20,218,1065,1472,14,7,7,1,0,0,0
1165,1,2.4,0,11,0,41,0.2,178,6,12,564,831,764,19,12,15,1,0,0,0
1082,0,0.8,0,0,0,38,0.1,198,8,5,986,1191,2337,6,1,17,0,1,1,2
959,1,2.6,1,15,0,20,1.0,84,4,19,561,1631,3965,16,1,6,1,0,0,3
1502,1,1.2,0,0,0,54,0.2,138,5,12,65,588,3693,17,14,16,1,1,0,3
1380,1,2.1,1,1,1,4,0.8,92,3,13,420,500,797,13,2,15,1,1,0,0
1266,0,0.5,0,0,1,5,0.1,95,6,9,1365,1698,1687,11,0,18,1,0,0,2
1523,1,2.4,0,5,1,57,0.2,117,2,6,247,539,3971,18,12,10,1,1,1,3
1526,0,2.1,0,1,1,23,0.2,117,7,8,718,751,2227,18,10,3,1,1,0,2
1989,0,2.5,1,0,1,41,0.8,94,3,13,1100,1497,1665,17,9,12,1,1,1,2
609,0,0.5,0,3,0,26,0.3,93,4,4,938,1948,1866,11,10,14,1,1,1,1
1905,0,0.6,1,9,1,36,0.4,119,3,20,825,1542,1287,13,4,16,1,0,0,1
1703,1,0.5,0,0,1,22,0.6,192,1,0,286,1235,1046,5,4,13,1,0,1,0
1445,1,2.4,1,7,1,20,0.4,173,7,15,1273,1345,1441,7,4,13,1,1,1,1
1087,0,1.3,0,0,1,16,0.3,166,3,9,295,589,690,14,6,6,1,0,1,0
671,0,0.9,1,10,0,30,0.7,105,7,17,852,1182,2504,6,4,15,1,0,0,2
1472,1,2.3,0,6,0,61,0.1,168,6,19,710,1052,2677,19,15,8,1,0,0,2
765,0,0.5,1,0,1,47,0.3,115,8,1,1277,1429,2243,11,7,4,1,0,1,2
1642,0,0.5,1,16,1,8,0.3,171,6,17,129,873,2984,13,4,17,1,0,1,2
1265,0,1.5,0,7,0,49,0.7,182,5,16,690,836,1362,5,0,12,0,0,1,1
1395,0,1.8,1,0,0,23,0.1,111,3,1,213,705,2571,11,0,13,1,0,1,2
1539,1,2.6,0,0,0,41,0.1,159,8,0,1112,1666,2107,15,9,10,1,0,1,2
1049,1,2.2,0,9,0,63,0.5,135,5,17,199,1077,1022,11,3,13,0,0,0,0
903,0,1.0,1,0,1,50,0.4,91,1,0,1230,1235,711,9,5,10,1,1,0,0
1154,0,1.2,1,0,1,49,0.2,181,8,2,541,1499,978,5,3,7,1,0,1,0
1336,0,0.9,0,5,1,17,0.2,194,5,9,55,583,1869,13,1,16,1,1,1,1
1886,0,0.5,0,0,1,24,0.4,112,3,1,809,1958,1179,16,7,20,1,0,1,1
850,1,1.6,1,6,1,29,0.5,133,5,19,404,642,593,19,17,10,1,0,1,0
660,0,0.5,0,5,1,40,0.5,111,2,10,262,1178,588,6,5,18,1,1,1,0
1578,0,1.9,1,2,1,37,0.1,138,4,19,411,1226,2458,19,16,3,1,0,1,2
1715,0,1.0,1,4,1,31,0.5,83,8,17,638,1615,625,17,6,13,1,0,0,0
1442,0,1.0,1,0,0,27,0.1,192,3,19,231,687,2227,6,5,20,1,1,0,1
528,0,1.7,0,12,1,6,0.8,142,2,15,574,637,3256,9,8,6,1,1,0,2
1523,1,1.8,0,6,1,11,0.1,129,1,8,148,1606,707,19,8,19,1,1,0,0
1133,0,1.4,0,3,0,42,0.1,199,5,12,730,1543,1457,18,12,20,1,0,1,1
1718,1,2.5,1,14,1,6,0.1,183,5,16,564,980,3755,7,1,8,1,1,1,3
1799,1,0.5,0,0,0,49,0.4,107,4,2,632,1383,720,12,2,11,1,1,1,0
724,0,2.7,1,0,0,44,0.5,187,7,0,1273,1754,2311,7,6,7,1,0,0,2
1918,0,1.9,0,2,0,10,0.6,110,5,10,1170,1543,1717,7,1,16,1,1,1,2
862,1,0.8,1,3,0,23,0.4,165,2,15,793,1758,278,16,3,11,0,0,1,0
1617,1,1.3,1,3,1,30,0.7,105,2,4,246,1038,829,9,0,10,1,0,0,0
1210,0,0.5,0,0,0,63,0.1,93,5,0,1177,1462,2394,17,9,7,0,0,0,2
708,1,2.7,1,0,1,63,1.0,195,8,7,78,654,2169,6,5,7,1,1,1,1
835,0,1.1,1,2,0,7,0.2,101,4,7,323,1604,1181,13,5,15,1,1,1,0
1450,1,2.7,1,9,0,19,0.6,131,1,17,707,1882,575,15,9,12,0,0,0,0
973,1,1.5,0,5,1,57,0.2,190,7,16,457,1816,2977,6,4,2,1,0,0,2
601,1,1.4,0,4,1,4,0.1,154,4,13,356,765,532,12,8,10,1,1,1,0
507,1,0.5,1,1,0,32,0.5,141,7,11,936,1398,1702,17,0,5,1,1,1,1
564,0,1.8,1,0,1,51,0.5,168,3,1,912,1980,1074,14,8,15,1,1,0,0
728,0,2.7,1,0,0,25,0.2,88,4,1,526,1529,2039,5,1,12,1,1,1,1
1431,1,0.5,0,0,1,56,0.6,191,1,1,156,952,461,7,3,8,1,0,0,0
767,0,1.5,0,4,0,28,0.7,175,4,10,344,1517,527,10,0,15,0,1,0,0
1992,1,1.6,0,5,1,57,1.0,100,2,15,1552,1596,606,9,3,4,1,1,1,1
1281,1,2.3,1,0,0,28,0.3,148,1,6,1285,1617,1129,12,1,6,0,1,0,1
1066,0,0.6,0,2,1,7,0.9,114,7,18,1242,1571,468,19,13,6,1,1,0,0
730,0,2.1,1,0,1,4,0.1,89,8,2,302,1247,1210,19,15,4,1,1,1,0
1611,1,0.5,1,11,0,3,0.6,98,3,14,303,714,1595,8,4,9,1,0,1,1
538,0,0.8,0,12,1,2,0.8,177,7,13,235,662,417,8,4,9,1,0,1,0
823,1,0.5,0,0,0,39,0.4,187,8,4,630,888,294,13,9,11,0,0,1,0
1733,1,2.8,0,3,1,36,1.0,119,6,20,357,527,3576,17,16,9,1,0,0,3
615,1,0.5,1,0,0,42,0.6,163,6,4,104,1664,2211,7,4,18,0,0,1,1
832,0,1.6,1,1,1,34,0.3,108,5,5,311,1294,447,15,13,12,1,1,0,0
1595,1,2.6,0,7,0,12,0.3,121,8,19,344,655,3608,15,1,16,0,1,0,3
928,1,0.5,1,11,0,56,0.7,80,8,13,221,1243,666,19,10,5,0,1,0,0
1656,1,0.5,1,8,1,38,0.1,105,7,17,506,519,1499,12,8,19,1,0,1,1
1937,1,1.7,0,17,0,58,0.6,189,1,19,1728,1767,3321,5,4,14,1,1,0,3
977,1,1.1,1,2,0,57,0.6,181,6,7,63,566,1206,7,1,8,0,1,1,0
768,1,0.9,0,16,1,56,0.1,113,1,20,418,515,952,19,3,16,1,0,1,0
1177,0,0.9,0,1,1,29,0.4,191,2,8,178,882,311,18,5,19,1,0,0,0
1751,0,0.5,1,6,0,8,0.6,178,6,20,170,564,2969,8,6,17,0,0,1,2
1530,0,2.0,0,11,0,42,0.8,177,6,13,454,1975,725,11,10,19,0,0,1,0
894,0,0.5,1,1,1,50,0.5,199,3,14,1285,1462,3615,13,0,6,1,0,1,3
645,0,1.2,0,6,1,41,0.7,184,8,17,741,1130,714,18,2,13,1,1,0,0
1163,0,2.8,1,0,0,49,0.6,155,2,0,520,754,2768,19,2,12,0,0,1,2
1170,1,0.9,0,6,1,14,0.4,199,2,13,474,709,715,18,5,20,1,0,1,0
508,0,0.8,0,7,1,42,0.3,94,1,8,39,557,663,13,12,7,1,0,0,0
728,0,1.7,1,0,1,5,0.6,101,2,20,584,775,834,16,0,5,1,1,0,0
1379,1,2.1,1,14,1,63,1.0,83,1,17,207,1370,651,9,6,7,1,1,0,0
1698,0,2.1,0,5,1,18,0.9,160,6,20,363,994,796,13,3,14,1,0,1,0
920,0,2.1,1,5,0,25,0.4,115,7,14,209,1078,785,10,7,5,0,1,1,0
972,1,0.5,1,5,0,13,0.4,193,5,8,1392,1795,1615,11,6,13,0,1,0,1
662,0,0.5,0,5,0,20,0.8,138,1,10,1001,1224,2125,17,15,15,0,1,1,1
1730,0,2.0,1,0,1,20,0.1,143,4,10,418,1023,1595,14,0,12,1,1,0,1
668,0,2.3,0,2,1,48,0.3,114,1,19,195,1292,1201,14,12,4,1,1,0,0
1560,0,2.3,0,0,1,22,0.8,169,7,1,745,1364,1938,15,11,16,1,1,1,2
821,0,1.8,1,5,0,54,0.1,109,3,9,253,1786,3185,8,4,15,1,0,0,2
811,1,2.4,1,5,1,2,0.3,106,6,13,333,1429,2111,18,7,2,1,0,1,1
618,0,2.1,0,2,0,6,0.3,86,1,4,1314,1688,1051,13,10,15,0,0,1,0
576,1,2.8,0,2,1,10,0.2,184,5,7,513,1438,2938,6,0,5,1,1,1,2
869,1,1.0,0,7,1,57,0.6,118,1,15,1243,1584,2727,13,3,8,1,0,0,2
609,1,3.0,0,15,1,44,0.3,117,1,16,58,1253,2581,15,11,15,1,0,1,1
1604,1,1.7,0,2,0,33,1.0,191,8,5,134,939,916,13,10,12,0,1,1,0
1182,0,0.5,0,7,1,8,0.5,138,8,16,275,986,2563,19,17,19,1,0,0,2
848,1,2.1,1,10,1,19,0.8,148,7,18,176,1029,3359,10,0,14,1,0,0,2
1610,1,2.9,0,7,1,64,0.9,181,4,12,1236,1280,941,8,4,9,1,1,0,1
1828,1,2.1,1,0,0,17,0.9,199,1,1,336,898,2280,17,14,4,0,0,0,2
880,0,2.0,1,1,1,50,0.5,194,7,3,1116,1381,827,15,9,6,1,0,1,0
1394,1,0.9,1,10,1,62,0.3,175,5,13,1010,1565,473,11,1,20,1,1,0,0
809,0,0.8,0,10,0,21,0.9,91,7,19,1453,1726,1274,18,7,3,0,0,0,1
899,0,0.5,1,13,1,57,0.9,172,2,18,788,1331,364,11,1,7,1,1,0,0
1976,1,0.7,1,4,0,32,0.8,171,2,7,1301,1922,3699,17,11,13,0,1,1,3
916,1,2.6,0,0,0,36,0.3,195,4,12,188,992,1470,13,0,14,0,1,0,0
763,0,1.7,1,8,1,2,0.5,92,8,14,1028,1186,1050,6,4,8,1,1,0,0
508,0,1.6,1,0,0,9,0.4,162,6,2,1419,1920,2616,18,8,10,1,1,1,2
1011,0,1.1,0,4,1,36,0.2,131,7,18,481,749,2261,7,6,16,1,1,1,1
1703,1,1.5,1,17,1,55,0.7,138,5,19,1411,1711,2993,5,1,20,1,1,1,3
1067,1,1.7,1,0,0,58,0.5,135,7,0,79,681,706,12,9,16,0,1,0,0
1899,1,0.6,0,0,0,26,0.1,151,2,0,96,814,336,13,11,4,1,0,1,0
1058,0,1.5,0,2,0,19,0.4,166,4,14,493,1247,418,9,7,16,0,0,1,0
1809,1,1.7,0,3,1,59,0.1,174,3,4,639,721,2324,10,6,16,1,0,1,2
864,1,3.0,1,0,1,54,0.7,187,2,1,127,1670,3121,18,2,16,1,1,1,2
625,1,1.9,0,12,1,33,0.2,191,1,20,431,550,3801,10,6,2,1,0,0,2
1880,1,1.8,0,4,1,18,0.7,138,3,5,71,699,3333,17,15,7,1,0,0,3
1138,0,1.4,0,12,1,44,0.2,187,8,17,111,1138,3475,19,3,3,1,0,0,3
1117,0,0.5,0,1,0,12,0.6,144,7,8,798,817,2895,7,6,16,1,1,0,2
1036,1,2.4,0,0,0,39,0.2,119,7,3,373,926,2101,10,7,2,0,1,0,1
1945,0,1.6,1,0,1,57,0.3,195,4,1,743,1753,732,14,1,14,1,1,0,1
880,1,1.7,1,0,0,33,0.7,173,2,2,30,1350,1414,12,1,7,1,1,0,0
1323,1,2.5,1,10,1,28,0.2,131,4,12,162,619,1892,10,0,15,1,1,1,1
1266,0,1.9,1,0,1,7,0.2,184,3,12,346,1468,2532,10,5,4,1,1,1,2
1476,1,1.2,1,0,1,55,0.1,171,4,5,1641,1666,1529,13,8,3,1,0,1,2
652,1,2.4,1,9,1,17,0.7,173,5,11,77,559,1974,12,10,12,1,0,0,0
1504,0,1.5,0,12,1,34,0.7,142,8,15,507,973,2806,7,2,7,1,0,1,2
1726,1,0.9,1,2,0,51,0.6,193,4,3,379,1223,2239,13,9,13,1,0,1,2
1029,1,1.9,1,5,1,5,0.2,171,5,8,264,956,582,15,7,4,1,1,1,0
1478,1,0.8,1,12,0,48,0.7,99,5,17,694,882,1141,5,2,6,0,0,1,1
755,1,2.8,0,5,1,51,0.3,186,4,12,315,990,2734,10,1,16,1,0,1,2
912,1,2.0,0,1,0,54,0.3,161,8,5,329,1053,2330,19,5,20,0,1,0,1
651,1,0.8,1,2,1,63,0.2,176,5,4,548,858,2244,14,9,19,1,1,0,1
914,1,0.9,0,2,0,4,0.8,100,2,12,191,1495,808,11,7,5,1,1,0,0
1456,1,0.5,1,7,0,7,0.4,105,5,12,823,1104,1587,6,5,20,1,0,1,1
1178,0,2.2,1,6,0,57,0.3,84,3,17,96,1352,2492,16,14,10,1,1,0,2
1503,1,0.7,0,10,1,43,0.2,166,4,14,841,1304,2122,15,1,2,1,0,0,2
1681,1,2.5,0,2,0,11,0.4,158,2,13,195,1205,1122,12,6,16,0,1,1,0
1190,1,2.2,1,9,0,47,0.3,186,6,10,1417,1441,624,9,3,19,1,1,1,0
1197,0,1.3,0,3,1,20,0.5,149,6,7,649,1629,1797,19,5,4,1,1,1,1
1887,1,3.0,1,6,1,17,0.2,126,8,7,1172,1798,3348,18,16,16,1,1,0,3
1772,1,0.5,1,3,0,64,0.7,116,8,15,270,545,1834,5,2,20,0,1,1,1
1464,0,0.5,1,0,1,17,0.7,153,6,8,418,1341,1277,13,6,19,1,0,0,1
728,0,2.3,1,4,0,23,0.8,111,4,5,126,817,457,17,10,16,1,1,1,0
954,1,0.5,0,0,0,50,0.3,134,2,11,228,1058,438,17,0,2,1,0,0,0
1472,0,2.8,1,1,0,36,0.5,130,6,10,1452,1744,985,12,11,7,1,1,0,1
1469,0,2.1,0,0,0,8,0.7,123,7,0,398,1133,1052,8,1,3,0,1,0,0
1310,1,2.3,1,6,0,57,0.9,135,8,9,449,889,1175,16,0,8,0,0,0,0
1631,0,0.9,1,2,1,3,0.1,198,7,12,177,1905,301,13,5,13,1,0,0,0
1608,0,1.8,1,7,0,28,0.4,183,2,13,1013,1158,489,15,11,8,0,0,1,0
1349,0,2.0,1,15,0,62,0.3,114,5,16,592,772,2756,11,3,4,1,0,0,2
1589,0,2.5,0,5,1,51,0.8,195,1,18,810,1743,2612,8,2,16,1,0,0,2
712,1,0.5,1,3,1,35,0.2,84,2,10,558,1208,2190,16,12,4,1,1,1,1
972,1,1.7,0,0,1,54,0.7,107,3,4,681,1050,1900,16,8,19,1,0,1,1
1289,0,0.9,0,10,1,25,1.0,178,6,12,765,899,1043,6,2,11,1,1,0,0
513,1,0.5,0,6,1,44,0.1,186,4,12,619,867,1343,5,1,9,1,1,0,0
1512,1,1.7,0,12,0,6,0.7,162,7,17,205,884,2335,15,7,7,1,1,1,2
1986,0,0.5,1,3,1,51,0.1,165,8,20,282,1358,1614,17,12,3,1,1,1,1
965,1,1.5,1,5,0,13,1.0,109,2,14,130,998,1138,9,8,10,0,1,0,0
1067,1,2.4,1,3,1,40,0.6,122,8,15,494,1989,604,16,14,11,1,0,0,0
1653,0,0.5,1,2,1,37,0.9,176,4,6,447,1785,3955,19,4,18,1,1,1,3
1433,0,1.6,0,7,0,4,0.7,133,8,11,281,799,258,11,9,4,1,1,1,0
765,0,2.9,0,0,1,18,0.1,153,7,0,6,793,1066,11,1,16,1,1,0,0
932,1,0.5,0,1,1,60,0.7,104,4,2,268,1078,1459,6,1,19,1,1,0,0
601,0,2.1,0,4,0,26,0.3,101,4,18,509,548,918,9,1,12,0,0,0,0
1615,0,0.5,0,14,0,15,0.1,132,4,16,622,1256,3488,16,2,3,0,0,1,3
1417,1,2.7,0,2,1,56,0.9,114,6,4,494,1649,590,11,3,6,1,0,1,0
1330,1,1.3,1,14,0,3,0.3,83,5,17,980,1262,463,14,6,11,0,0,1,0
1277,0,3.0,0,0,1,41,0.3,200,4,3,902,1090,429,9,4,14,1,1,1,0
1663,1,2.5,1,13,1,27,0.3,169,4,14,831,1439,2084,7,1,18,1,0,0,2
1949,0,1.8,0,0,0,20,0.8,186,5,4,518,592,1125,17,10,9,0,0,0,1
1138,0,1.1,0,5,1,48,0.6,109,3,14,233,1777,2048,6,0,18,1,1,1,2
685,0,2.7,0,7,0,17,0.3,174,6,20,725,870,1223,8,0,18,1,0,1,0
857,1,2.0,1,3,0,17,0.2,195,7,9,157,948,3100,17,5,13,1,1,0,2
1902,0,2.8,1,6,0,50,0.8,124,8,9,1142,1393,343,11,8,18,0,1,0,0
1225,1,2.4,0,0,0,15,0.1,155,5,0,840,982,1970,16,8,15,1,1,0,1
1066,0,1.6,0,5,0,39,0.6,131,5,17,401,1586,2728,6,0,17,1,1,1,2
1337,0,0.5,0,13,0,31,0.8,186,2,20,48,644,2180,7,4,16,1,0,1,1
1926,1,1.7,1,1,1,33,0.4,172,3,2,982,1157,2488,6,1,14,1,0,0,2
1278,1,0.5,1,1,0,54,0.1,104,8,16,581,750,1155,7,1,20,0,0,1,0
1661,1,0.8,1,1,1,6,1.0,109,7,2,594,1337,864,9,8,2,1,0,1,1
1438,0,2.2,0,0,1,32,0.6,176,7,6,683,1663,869,19,13,9,1,1,1,0
1661,1,1.4,0,0,0,29,0.3,119,2,0,536,861,591,9,2,9,1,1,1,0
1846,1,0.6,0,1,0,19,0.7,159,1,2,83,773,1333,15,6,11,0,1,1,1
512,1,0.5,1,7,0,15,0.9,83,3,15,249,1849,2610,18,14,15,0,1,1,2
1872,1,2.3,0,6,0,44,0.7,134,3,15,459,1259,1955,9,4,15,1,0,1,2
1678,1,2.3,1,11,0,7,0.5,192,1,14,418,1763,574,5,3,19,1,0,0,0
1074,0,2.4,1,2,1,9,0.9,103,6,14,946,952,1948,13,1,18,1,1,1,1
1832,0,0.7,0,2,0,2,0.6,90,7,6,186,654,2978,18,7,18,0,0,0,2
1128,1,1.1,0,9,1,46,0.9,135,8,10,751,1582,1434,5,0,11,1,0,0,1
1413,0,0.5,1,5,0,51,0.3,117,5,11,187,517,3383,16,5,2,0,0,0,3
1589,1,1.4,0,3,1,26,0.1,100,8,16,1673,1759,3970,16,8,18,1,0,1,3
535,1,0.5,1,8,1,54,0.5,145,8,15,710,939,2674,14,8,10,1,0,0,2
1671,0,0.6,1,7,1,61,0.1,129,2,11,263,848,2336,10,4,7,1,0,0,2
1076,1,2.6,0,3,1,38,0.7,119,6,8,129,915,891,18,3,9,1,1,0,0
532,1,0.8,1,3,0,8,0.1,193,5,10,1213,1354,728,13,5,8,1,1,0,0
1217,1,0.5,0,3,0,17,0.5,182,4,13,628,632,1711,7,3,9,1,0,1,1
1185,0,1.9,0,0,0,31,0.4,152,8,7,837,1642,2447,16,2,3,1,1,1,2
577,0,2.4,0,8,1,37,0.9,161,6,20,1087,1450,814,11,7,19,1,1,1,0
737,1,2.4,1,7,0,49,0.6,193,4,16,781,1463,2951,7,0,10,0,1,0,2
704,0,2.2,1,4,0,53,0.2,186,6,6,251,1013,3653,7,1,15,1,1,1,2
525,1,0.5,1,5,0,51,0.5,137,8,11,262,1587,1891,18,3,12,0,1,0,1
504,1,0.5,1,5,0,16,0.1,166,1,9,767,1665,701,17,15,15,1,0,1,0
569,0,0.6,1,2,0,39,0.1,184,8,9,389,739,2811,7,6,7,1,0,1,1
767,0,1.9,0,16,1,19,0.2,185,6,17,271,1000,2445,6,1,6,1,1,1,1
1350,1,0.5,1,0,1,50,0.8,181,8,4,369,544,2287,15,1,8,1,1,0,1
1117,1,0.6,1,0,0,31,0.2,146,2,7,1258,1627,2003,8,7,14,0,1,1,2
1002,0,0.8,1,0,1,35,0.5,83,2,4,1345,1416,1726,16,5,19,1,0,1,1
1900,1,2.0,1,1,0,41,0.5,190,8,6,912,1596,850,5,1,4,1,1,1,1
726,0,2.9,0,0,0,43,0.1,101,8,0,666,760,1446,17,2,8,1,1,0,0
1454,1,1.6,0,6,1,21,0.2,160,4,10,186,1100,719,14,10,10,1,1,1,0
1230,1,2.2,1,6,0,26,0.8,123,5,7,416,676,988,11,5,9,0,1,1,0
1552,0,1.2,0,10,1,53,0.3,180,8,18,430,658,2606,13,6,12,1,0,0,2
1519,0,2.1,0,0,0,32,0.7,200,1,10,168,1239,2912,11,10,15,1,1,0,2
1191,0,2.4,1,2,0,13,0.9,169,1,7,179,1813,1028,14,6,8,1,1,1,0
1229,0,0.5,1,15,0,14,0.8,191,2,16,120,1878,1667,17,6,17,0,0,1,1
1290,0,0.5,0,0,0,3,0.1,143,6,4,600,1109,1214,9,8,15,0,1,1,1
574,0,2.8,1,16,0,38,0.1,90,6,17,286,1171,3269,8,7,10,0,1,0,2
1271,1,0.5,0,12,0,32,0.1,113,7,15,1350,1949,445,15,14,14,0,0,1,0
1170,1,1.2,0,4,0,30,0.4,83,8,15,27,1722,1073,6,4,8,1,1,0,0
1627,0,0.9,1,9,1,32,0.1,180,6,16,52,1082,3206,12,6,16,1,1,0,3
1701,1,0.5,0,13,1,46,0.9,115,2,15,364,828,3717,11,0,10,1,1,0,3
1974,0,1.0,0,4,0,24,0.3,80,7,13,250,545,861,7,4,6,1,0,1,0
1197,1,0.5,1,9,0,20,0.1,129,5,10,214,1710,2885,19,7,14,1,1,1,2
934,0,1.1,0,7,0,24,0.8,112,5,12,1111,1463,1017,12,7,9,0,0,1,0
1195,0,2.0,1,1,1,23,0.1,82,4,9,163,1100,980,13,9,17,1,0,0,0
1232,0,2.9,1,1,1,24,0.3,169,5,17,361,809,1257,16,10,16,1,0,0,0
1813,1,0.6,1,0,1,5,0.2,198,3,8,338,1306,759,9,3,14,1,1,0,0
946,1,2.6,1,17,0,5,0.1,166,3,20,1698,1771,3720,15,7,4,0,1,0,3
739,1,2.3,1,2,1,58,0.1,88,3,4,1052,1536,475,7,6,6,1,0,1,0
704,1,2.7,0,8,1,29,0.2,80,1,10,1108,1509,1122,9,3,10,1,1,1,0
1219,0,1.0,1,0,0,17,0.7,196,5,4,473,1022,705,11,3,6,0,1,1,0
612,1,0.7,0,6,0,35,0.6,181,5,12,1294,1337,3169,14,9,6,0,0,0,2
1263,0,0.5,0,12,0,64,0.3,175,5,18,178,1883,1183,14,3,17,0,0,1,1
621,1,2.7,1,0,0,54,0.1,151,4,20,434,910,2801,6,1,5,1,1,1,2
652,0,0.5,1,1,0,58,0.6,142,3,2,464,781,565,18,12,9,0,0,1,0
561,1,1.0,0,0,0,11,0.1,163,8,10,492,1176,3421,16,2,5,1,1,1,2
1137,0,2.2,0,6,1,3,0.9,173,5,7,1250,1285,316,15,14,17,1,0,0,0
1835,1,2.3,0,4,1,11,0.1,193,7,13,385,583,448,18,17,14,1,0,0,0
1170,0,2.9,1,2,0,40,0.4,169,6,5,427,684,2366,16,8,2,1,1,1,1
1595,1,0.8,1,0,1,44,0.7,85,4,20,1024,1838,3881,14,10,9,1,0,1,3
1719,1,2.0,0,0,0,12,0.3,122,8,7,240,904,462,6,3,5,0,0,0,0
1878,0,1.5,1,5,1,56,0.3,139,5,13,183,559,2711,8,2,3,1,1,1,2
1871,1,2.0,0,7,1,20,0.1,81,7,14,88,1682,2144,13,12,12,1,1,1,2
922,0,1.5,1,1,1,35,0.9,188,7,15,1016,1383,1165,19,6,4,1,1,1,0
1430,1,0.9,0,3,0,56,0.1,179,3,5,569,906,752,17,8,17,0,0,1,0
1958,1,1.9,1,0,0,4,0.2,190,2,3,304,637,1409,16,5,3,0,0,0,1
557,1,1.6,0,0,0,24,0.5,125,3,0,1131,1315,1305,12,8,3,1,0,1,0
1109,1,2.7,1,1,0,39,0.4,98,1,9,1391,1787,1524,15,10,7,1,1,1,1
598,0,2.3,1,7,0,21,0.7,196,2,10,680,1173,3293,8,4,7,1,0,1,2
1225,0,0.7,1,0,1,2,0.6,138,7,1,217,1101,2675,12,11,15,1,1,0,2
644,1,1.3,1,7,1,30,0.5,114,1,16,1140,1654,2382,9,0,19,1,0,1,2
1919,0,1.5,0,5,1,48,0.8,150,4,6,304,1191,1391,19,13,12,1,0,1,1
501,0,2.3,0,12,1,54,0.3,131,4,19,504,1089,2346,13,12,2,1,0,1,1
1620,1,2.2,1,0,1,30,0.2,185,3,3,832,1033,606,6,0,18,1,0,0,0
1227,1,1.1,1,0,0,34,0.2,130,3,3,935,1781,1324,7,3,12,0,1,1,1
1359,1,0.5,1,1,1,58,0.5,107,6,3,446,901,1076,16,8,4,1,1,1,0
1645,1,1.8,0,1,0,21,0.7,123,7,2,897,1308,783,10,8,20,1,0,0,0
1397,0,2.9,1,13,0,9,0.5,87,6,18,1308,1991,3137,12,1,11,1,1,1,3
1993,1,0.5,0,10,1,27,0.3,147,8,11,150,510,2437,14,0,9,1,0,0,2
955,0,0.5,1,4,0,43,0.9,143,5,8,1248,1511,1432,12,9,9,1,1,1,1
600,0,0.5,0,0,0,14,0.8,112,5,2,320,747,1655,18,0,9,0,0,0,0
518,0,0.8,1,0,0,3,0.1,178,7,1,437,1947,2832,5,0,8,1,0,1,2
1063,1,2.5,0,0,1,31,0.9,95,6,10,295,935,961,16,6,5,1,1,0,0
920,1,0.5,0,2,0,46,0.8,149,3,3,1058,1421,2608,6,0,2,0,0,1,2
1715,0,1.9,0,4,1,3,0.1,171,5,6,79,1652,514,7,4,13,1,0,0,0
1841,1,1.3,1,6,0,14,0.6,167,8,8,593,672,2304,7,1,18,0,0,1,2
543,1,0.5,1,4,1,60,0.7,132,5,7,693,1031,933,14,0,5,1,1,0,0
1762,1,2.7,1,13,1,25,0.9,189,1,14,300,527,1896,14,10,20,1,1,1,1
709,1,2.0,1,0,0,35,0.1,136,1,0,1545,1596,1973,12,9,16,0,1,1,1
1315,1,2.6,0,7,0,64,0.8,128,7,16,59,575,3278,6,3,13,0,0,0,2
1762,1,2.5,0,10,1,15,0.3,107,8,11,1103,1364,2183,8,3,11,1,1,0,2
1462,1,1.7,1,1,0,25,0.2,182,7,18,91,1478,824,15,5,13,1,0,1,0
571,0,1.6,1,8,0,35,0.2,186,7,20,177,1282,2598,13,5,8,1,1,0,1
666,1,0.5,1,7,1,54,0.4,81,3,13,58,1353,1254,15,9,9,1,1,1,0
1583,1,2.1,1,11,0,14,0.7,148,7,16,942,1651,1704,17,13,2,1,0,1,2
1778,0,1.4,1,3,1,45,1.0,132,4,17,88,516,1624,15,13,9,1,1,0,1
966,1,0.6,0,9,1,50,0.2,117,4,10,1446,1754,2574,10,1,5,1,0,1,2
568,0,2.0,0,1,0,36,0.3,179,3,4,181,1703,950,17,9,9,1,0,0,0
1897,0,3.0,0,1,1,21,0.5,192,8,2,1311,1935,273,17,6,3,1,1,1,0
1695,0,0.5,1,6,1,46,0.7,200,3,9,1791,1898,446,16,13,15,1,1,1,1
914,1,0.5,0,0,1,26,0.7,147,4,0,706,721,1122,12,9,2,1,1,1,0
1721,1,0.5,1,4,1,33,0.5,128,4,5,871,1048,707,19,2,5,1,1,1,0
890,1,2.2,1,4,0,44,0.5,198,8,13,1074,1873,751,7,3,3,0,0,0,0
600,0,0.5,0,1,0,48,0.8,191,3,7,501,1465,3393,12,7,8,1,0,0,2
723,0,0.5,0,0,1,3,0.2,168,4,3,920,1748,1851,15,3,16,1,0,0,1
638,0,1.7,1,11,0,27,0.5,102,4,17,1171,1383,2735,7,2,9,1,1,0,2
852,0,1.0,1,4,1,62,0.7,104,7,13,293,1159,2253,17,4,7,1,1,0,1
1979,1,1.6,1,0,0,32,0.2,165,7,1,833,1630,452,13,6,14,0,1,0,0
710,1,0.5,0,6,0,32,0.8,151,5,9,485,857,1419,12,11,18,0,1,0,0
1034,0,2.6,1,2,1,45,0.3,190,3,4,182,1293,969,15,1,7,1,0,0,0
600,0,2.5,1,8,1,22,0.1,145,1,11,207,1162,3441,19,1,5,1,0,0,2
675,0,2.3,0,10,0,60,0.9,144,5,15,192,757,1735,7,0,13,1,0,1,0
804,1,0.8,1,12,1,41,0.9,89,1,13,709,818,2027,11,5,11,1,0,0,1
1713,0,2.5,1,1,0,27,0.9,127,7,3,729,974,2406,13,10,20,1,0,1,2
706,0,0.5,0,13,1,31,0.1,108,3,19,543,938,2419,8,7,4,1,0,1,1
1362,0,0.5,0,3,0,25,0.8,131,7,9,553,1505,995,7,6,18,0,1,1,0
768,0,0.5,1,0,0,19,0.9,159,2,1,637,991,1145,19,1,7,0,0,1,0
1314,0,2.9,1,8,1,41,0.1,155,4,12,113,577,626,10,4,4,1,1,1,0
705,1,0.5,0,5,1,57,0.9,155,6,9,1114,1374,1509,15,11,18,1,1,1,1
1486,0,2.6,0,7,0,52,0.1,85,4,15,1430,1747,297,13,1,15,0,1,0,0
1310,0,1.4,0,0,0,33,0.4,105,1,14,806,1016,1301,13,12,19,0,0,1,1
560,1,2.0,1,6,1,57,0.3,81,3,12,80,1327,2167,11,10,7,1,0,1,1
1940,1,0.9,1,4,0,17,0.7,93,5,7,112,858,2297,14,6,8,0,1,0,2
1979,1,2.9,1,0,1,19,1.0,176,3,9,1331,1532,411,8,2,2,1,1,1,0
561,1,2.1,1,7,1,2,0.1,193,3,13,1055,1294,665,10,0,4,1,1,0,0
535,0,1.5,0,1,1,48,0.7,113,1,4,290,811,740,11,10,18,1,1,0,0
1413,0,0.5,1,4,1,39,0.1,185,5,12,1039,1318,3878,19,16,4,1,0,0,3
1358,0,2.5,1,0,0,20,0.6,135,7,0,1485,1655,3406,5,1,11,0,0,1,3
1519,0,2.9,0,2,0,30,0.7,112,7,8,1122,1702,2440,9,5,10,1,1,1,2
1254,0,1.2,1,2,0,50,0.7,108,5,6,462,1013,3959,10,4,17,1,1,0,3
1591,1,2.2,0,3,1,49,0.4,154,6,7,1384,1883,3703,17,6,20,1,1,0,3
977,1,2.8,1,2,0,35,0.6,165,2,15,1502,1862,3714,19,3,10,0,1,1,3
1640,1,0.7,0,10,1,21,0.8,169,7,14,589,1301,337,16,3,5,1,1,0,0
663,0,0.8,1,0,0,25,0.6,183,2,1,82,1605,3176,6,2,2,1,0,1,2
1744,1,1.0,0,1,1,20,0.5,112,8,3,68,718,1205,18,7,14,1,0,0,1
1108,1,1.3,1,14,1,2,0.3,169,7,20,208,1742,1229,5,3,4,1,1,0,0
863,0,1.6,1,5,1,6,0.7,133,4,13,717,1799,520,10,2,18,1,0,1,0
1068,0,2.0,1,1,1,37,0.9,184,7,13,186,1998,1803,5,4,7,1,0,0,1
1271,0,0.5,1,2,0,54,0.1,159,8,3,613,650,990,14,11,6,0,1,1,0
1981,1,1.9,1,13,0,45,0.3,175,6,18,193,1234,1380,10,1,13,0,1,0,1
1590,0,0.6,1,0,0,7,0.3,122,3,17,1464,1595,1201,12,3,18,1,1,1,1
1049,0,0.6,1,8,1,2,0.3,172,6,10,39,1564,433,10,7,6,1,0,0,0
984,1,0.5,0,13,1,42,0.8,98,7,17,1036,1611,898,16,8,13,1,1,0,0
1536,0,0.8,0,12,0,13,0.3,105,7,20,22,1634,2020,6,0,16,1,1,0,2
771,1,0.5,0,3,0,25,1.0,86,4,6,327,922,770,12,1,20,0,1,0,0
503,0,2.5,0,3,0,57,0.6,185,6,11,778,1291,305,11,8,16,0,0,1,0
675,0,2.4,0,1,0,42,0.6,187,7,2,482,874,2953,9,5,13,1,1,0,2
1936,1,1.9,1,13,1,34,0.2,182,7,14,591,1089,1671,6,1,9,1,0,1,1
1822,0,1.2,0,0,0,8,0.2,195,6,0,172,910,2577,9,5,8,1,1,0,2
1782,1,2.8,1,6,1,58,0.8,157,1,13,867,999,2405,15,0,16,1,0,1,2
894,0,2.1,1,16,0,16,0.7,168,8,20,286,1300,3377,5,1,6,1,1,1,2
1884,0,2.1,1,7,1,43,0.8,185,1,18,451,819,3619,14,8,7,1,1,1,3
798,0,2.4,0,5,0,4,0.2,96,3,9,526,643,2965,15,7,14,1,1,0,2
1620,0,2.6,1,6,0,5,0.9,186,6,18,434,1339,1086,18,14,13,1,0,0,1
1996,0,2.5,0,5,1,51,0.4,122,4,9,671,1445,2236,8,7,12,1,0,1,2
1092,0,2.7,1,8,0,45,0.8,185,1,10,1404,1424,1303,12,3,20,0,1,1,1
1018,1,0.7,1,7,0,63,0.1,155,5,18,856,883,3048,10,3,2,0,0,1,2
545,0,0.5,0,0,1,11,0.3,131,3,1,381,1452,616,15,6,19,1,1,1,0
1264,0,2.9,1,2,1,34,0.2,171,3,3,562,849,419,7,4,3,1,1,1,0
1432,1,1.7,1,6,1,39,0.3,164,4,18,209,947,504,14,4,10,1,1,0,0
558,1,2.8,0,1,1,49,0.8,142,5,4,997,1605,392,10,5,8,1,1,1,0
829,0,0.5,0,0,0,56,0.6,129,7,1,91,1916,820,12,6,11,1,0,1,0
1741,1,1.8,0,0,0,14,0.7,143,8,0,730,1895,3387,11,3,3,1,0,0,3
733,0,2.1,0,5,1,7,0.2,174,7,10,445,1409,1403,15,8,2,1,1,0,0
550,1,0.5,0,16,1,23,0.1,145,2,17,486,1930,302,18,5,8,1,0,0,0
576,0,0.8,0,0,1,27,0.1,121,2,4,757,1518,1519,18,6,8,1,0,1,1
969,0,2.4,0,0,0,45,0.3,124,7,0,491,589,404,18,5,19,1,0,1,0
1160,0,1.1,0,1,1,63,0.7,166,3,2,762,859,595,18,4,15,1,0,1,0
827,0,1.1,1,2,1,18,0.9,160,2,16,448,821,1663,14,0,17,1,1,1,0
774,1,0.6,1,2,1,8,0.4,136,1,4,1713,1865,2614,7,0,14,1,1,1,2
819,1,2.5,1,0,1,11,0.2,83,8,1,438,822,1094,10,5,15,1,0,0,0
1042,0,2.2,0,15,1,11,0.6,139,5,16,68,1018,2826,18,0,2,1,0,0,2
1368,0,3.0,1,10,0,50,0.2,97,7,18,698,829,2496,13,6,5,0,1,1,2
1592,0,2.1,0,6,1,50,0.1,181,2,17,510,522,2103,19,8,7,1,0,0,1
1067,0,1.8,1,11,0,14,0.2,146,1,15,965,1009,966,5,0,13,0,0,1,0
1892,1,0.7,0,5,0,47,0.4,110,4,10,1399,1564,2172,17,14,3,1,1,1,2
915,0,1.1,0,6,0,56,0.6,187,8,17,532,1448,905,19,10,12,0,1,0,0
1501,0,1.1,0,12,1,2,0.2,187,1,15,198,1056,2487,13,12,16,1,1,1,2
1614,0,1.9,0,8,1,55,0.3,188,3,17,860,1330,3914,17,13,13,1,0,0,3
911,1,2.9,0,0,0,46,0.1,181,5,1,461,670,363,9,5,17,0,1,0,0
1647,0,1.4,1,3,1,38,0.3,102,6,15,193,1185,2532,16,14,15,1,0,1,2
1347,0,0.9,1,8,1,53,0.8,108,6,15,961,1008,3836,15,3,14,1,0,1,3
967,1,1.6,0,4,0,25,0.6,92,8,9,243,1642,3076,7,4,18,0,1,1,2
1204,1,2.6,0,0,0,10,0.3,199,7,3,480,1482,1724,11,2,19,1,0,0,1
1320,0,2.1,1,0,1,41,0.6,144,7,2,123,1229,542,11,1,14,1,1,0,0
1439,0,0.9,0,12,1,20,0.8,147,1,17,626,932,1790,19,12,15,1,0,1,1
1422,0,1.0,0,15,0,3,0.1,112,1,17,1,926,509,19,1,3,1,1,1,0
1591,1,2.2,1,4,1,52,1.0,161,3,16,548,1641,282,10,9,14,1,1,1,0
1929,1,0.5,1,0,1,19,1.0,163,6,2,349,1051,1913,12,7,6,1,1,0,1
1642,1,1.6,1,0,0,5,0.4,102,5,2,1686,1889,1333,18,0,2,0,0,1,2
1511,0,2.5,1,3,0,21,0.2,114,3,18,1455,1982,3746,10,0,5,1,0,0,3
691,1,2.7,1,4,1,33,0.9,108,4,8,951,962,424,5,3,15,1,1,1,0
807,0,0.5,0,9,0,8,0.3,158,5,20,667,697,1284,17,13,2,0,1,1,0
1113,0,0.6,1,0,0,25,0.3,145,1,10,1047,1312,277,11,2,12,1,0,1,0
721,1,1.3,1,10,0,16,0.9,125,1,18,408,1862,1713,10,3,4,0,1,1,1
1188,1,1.5,1,0,0,54,0.3,198,6,2,1150,1469,485,12,7,7,0,1,0,0
1512,1,0.5,0,1,0,52,0.1,131,1,14,333,952,3002,6,5,7,0,0,1,2
805,1,0.7,0,0,0,64,0.1,97,4,14,641,704,418,11,6,17,0,1,1,0
1320,0,0.5,1,7,0,48,0.2,168,5,16,103,1583,2893,8,5,9,0,0,1,2
1236,0,0.9,1,2,1,57,0.1,188,1,14,517,809,1406,14,12,20,1,0,1,0
1387,0,0.5,0,0,1,61,0.5,98,3,0,785,1151,629,5,3,11,1,1,0,0
1860,0,0.5,1,2,1,55,0.7,83,6,3,195,799,676,15,0,4,1,0,1,0
510,0,1.7,1,3,0,35,0.8,120,3,6,382,1228,2509,17,2,11,0,1,1,1
1438,1,1.8,0,3,0,16,0.6,169,8,7,859,867,2246,14,11,15,0,0,0,2
1907,0,2.0,0,13,0,55,0.9,105,7,15,713,1513,286,14,4,17,1,0,1,0
1489,0,2.4,1,8,0,32,0.6,200,1,16,172,812,776,7,6,8,0,0,0,0
1843,1,1.8,1,13,1,16,0.7,134,6,18,118,580,3213,15,14,15,1,1,0,3
825,1,1.5,0,11,0,38,0.4,94,3,18,540,783,716,11,4,14,0,1,0,0
1286,1,2.3,0,10,1,16,0.1,98,2,18,18,662,424,10,5,4,1,1,0,0
757,0,2.3,1,5,1,58,0.2,163,4,7,535,697,3237,19,12,9,1,0,1,2
814,1,1.1,1,2,0,41,0.8,177,2,10,1092,1406,1944,16,6,12,1,0,0,1
1195,1,1.1,1,2,1,8,0.9,80,6,6,327,1001,643,14,2,19,1,0,0,0
767,0,0.8,0,7,1,10,0.5,107,4,12,517,1995,2317,6,0,12,1,1,1,2
1068,0,1.3,0,6,1,52,0.1,97,8,7,994,1500,1436,16,1,15,1,0,0,1
994,1,2.8,1,0,0,56,0.5,173,3,3,491,530,3190,5,2,20,1,1,1,2
1550,1,2.5,0,6,0,21,0.8,133,2,11,268,832,2338,16,1,15,0,1,0,2
1878,1,0.5,0,9,0,29,0.6,85,8,19,210,1026,1334,18,7,2,0,0,0,1
623,0,2.0,0,2,0,6,0.1,127,3,4,144,672,3657,17,3,19,1,1,0,2
525,0,2.4,1,11,0,35,0.8,190,7,20,82,670,1609,16,11,3,0,0,0,0
1065,1,0.5,0,0,1,14,0.7,89,2,2,188,928,3078,10,1,18,1,0,1,2
1425,0,1.2,0,9,1,35,0.7,127,8,14,150,1897,590,13,2,6,1,1,1,0
642,0,2.8,0,3,0,34,0.8,197,2,15,331,1011,3355,12,5,13,0,0,0,2
981,1,1.9,1,0,0,2,0.1,136,3,7,75,688,1539,19,12,19,0,0,0,0
1236,1,2.8,0,6,1,32,0.3,143,4,18,492,1403,942,16,12,14,1,1,1,0
569,1,0.5,1,10,1,4,0.8,170,3,19,351,1159,2351,8,7,10,1,1,0,1
603,1,0.7,1,0,1,64,0.2,156,6,0,1842,1968,604,10,4,8,1,1,1,0
1332,0,0.8,1,2,0,11,0.5,187,2,4,758,1165,1285,5,0,9,1,1,0,1
1413,0,0.6,0,0,1,13,0.1,128,1,0,1323,1481,515,5,0,18,1,1,0,0
1064,0,2.9,1,1,1,34,0.2,184,6,13,1175,1569,654,16,13,6,1,0,0,0
1366,1,1.7,1,5,1,53,0.2,161,5,9,647,1876,3869,17,5,14,1,0,1,3
1554,0,2.7,1,3,1,47,0.7,185,5,12,319,1367,509,12,3,19,1,0,0,0
1187,0,2.3,0,0,1,21,0.2,122,6,6,215,1125,2547,10,3,5,1,1,0,2
1156,1,2.7,1,1,1,30,0.9,173,3,16,945,1913,2735,16,15,13,1,0,1,2
1918,0,2.8,0,1,0,22,0.3,139,1,5,381,1203,1369,9,6,6,0,1,1,1
841,1,0.5,1,8,0,39,0.1,199,6,13,546,828,2942,11,5,16,0,1,1,2
730,1,1.3,1,6,0,6,0.9,167,7,10,1096,1155,2812,10,1,17,0,0,0,2
1059,0,0.5,1,0,0,50,0.7,182,8,1,519,1545,619,5,3,18,0,1,1,0
1578,0,2.9,0,8,0,3,0.9,200,1,20,342,670,3483,17,4,16,1,0,0,3
1181,0,2.3,0,12,1,61,0.6,116,2,16,385,831,2020,6,0,18,1,1,0,1
1497,1,0.7,0,5,0,32,0.7,92,3,9,1920,1933,1329,6,1,7,1,1,0,2
1549,1,0.5,0,4,0,8,0.4,158,5,7,721,1514,1998,12,7,15,1,1,0,2
1372,1,2.7,0,7,0,34,0.4,193,4,17,687,937,725,11,3,20,1,0,0,0
783,1,1.7,1,9,1,27,0.3,150,6,11,458,1263,1185,15,4,6,1,1,1,0
899,1,2.7,0,3,1,53,0.3,192,4,11,641,1638,2870,19,16,10,1,0,1,2
1062,0,1.5,0,3,0,45,0.2,151,3,4,798,1435,911,14,2,9,0,0,0,0
1800,1,3.0,0,5,0,53,0.3,87,1,12,191,1108,656,14,10,18,0,0,1,0
1254,0,1.7,0,0,1,45,0.4,146,3,3,1571,1956,606,7,2,2,1,1,1,1
868,0,1.7,0,0,0,30,0.8,83,4,0,276,1026,1653,11,7,17,1,0,0,1
1205,0,0.5,1,3,0,12,0.6,175,4,6,573,614,860,14,1,14,1,0,1,0
626,0,0.7,1,2,1,23,0.5,187,2,9,90,1334,3458,7,5,11,1,0,1,2
694,1,1.8,1,15,0,36,0.4,193,4,20,983,1230,3676,12,8,5,1,0,1,3
816,1,0.5,0,4,0,14,0.9,198,3,13,149,558,1018,17,10,15,1,0,0,0
904,0,1.8,0,3,1,35,0.4,168,3,4,42,507,1360,15,12,11,1,0,0,0
979,0,0.5,1,0,1,5,0.5,164,7,2,793,1670,3449,5,2,14,1,0,0,3
1531,0,2.0,0,0,1,60,0.4,162,6,1,625,765,2524,13,11,7,1,0,0,2
934,0,2.0,1,2,0,30,0.7,182,8,15,521,1190,703,10,8,7,0,0,1,0
874,0,1.3,0,5,0,8,0.5,185,1,20,442,1248,582,6,4,15,0,0,0,0
1027,1,2.2,0,0,0,63,0.8,102,5,4,152,714,1732,8,5,13,0,1,1,1
1966,0,0.8,1,15,1,48,0.2,144,1,16,1242,1973,1252,6,4,19,1,1,1,2
1048,1,1.5,0,2,1,29,1.0,182,1,4,29,1670,2146,11,10,2,1,0,0,1
1496,1,1.9,1,13,0,38,0.1,126,4,14,501,506,1927,17,4,6,0,0,1,1
959,1,1.7,0,15,0,13,0.4,155,4,16,87,736,3328,10,9,10,1,1,1,2
1689,1,2.4,1,0,1,13,0.9,168,2,9,521,674,1172,12,11,17,1,1,1,0
1991,1,1.8,0,11,0,9,0.7,94,3,12,751,1377,1511,17,8,9,0,0,0,1
553,0,0.5,1,2,1,23,0.5,119,3,3,993,1517,2981,7,3,14,1,0,0,2
764,1,1.2,1,1,0,13,1.0,152,8,2,361,511,3148,18,7,6,1,1,0,2
894,0,0.9,0,5,1,54,0.2,130,3,15,104,541,2829,11,5,13,1,0,1,2
1589,0,2.6,0,9,0,46,0.4,84,3,16,618,940,2373,11,9,20,1,1,0,2
1456,0,1.6,1,9,1,39,0.1,80,8,10,815,1666,3998,6,3,13,1,1,0,3
743,0,0.5,1,0,1,33,0.3,95,2,1,1587,1659,316,19,10,4,1,0,0,0
1061,1,2.1,0,3,1,52,0.1,109,7,4,138,1330,999,16,12,9,1,1,0,0
1428,1,1.6,0,0,0,7,0.1,153,4,2,584,983,1808,12,8,13,0,1,0,1
674,1,2.8,1,0,1,8,0.2,93,3,0,750,772,589,18,6,4,1,1,0,0
1625,1,0.5,1,2,1,50,0.1,107,8,17,8,1219,670,16,3,8,1,0,0,0
907,0,1.4,1,3,0,42,0.2,151,1,16,171,507,584,11,9,6,1,0,0,0
1631,0,0.5,0,2,1,13,0.5,166,2,16,960,1735,2173,12,3,8,1,1,0,2
1584,1,1.3,0,6,0,41,0.6,135,4,15,160,1291,1561,10,5,17,0,0,1,1
633,1,1.4,0,0,1,46,0.7,102,6,10,709,1915,1401,19,14,11,1,1,0,1
1444,1,2.1,0,9,0,38,0.4,104,7,16,624,917,3764,14,9,10,0,0,0,3
852,1,1.6,1,6,1,54,0.4,147,5,7,538,730,1275,13,7,12,1,0,1,0
1008,0,2.5,0,3,0,36,1.0,109,1,14,825,1972,1083,6,4,6,0,0,0,1
1569,0,0.5,1,3,0,33,0.2,147,1,13,519,930,3538,18,1,15,1,0,1,3
1596,0,2.9,1,7,0,7,0.7,149,2,9,169,1190,2493,14,12,13,1,1,1,2
1807,1,0.5,1,2,1,61,0.1,134,6,6,1734,1968,3726,8,5,15,1,0,0,3
1861,1,0.9,0,4,1,55,0.5,148,7,8,1698,1877,601,7,5,4,1,0,0,1
648,0,1.9,1,4,0,8,1.0,91,5,19,819,1997,2991,8,7,4,0,0,1,2
1910,1,1.7,0,0,0,34,0.6,115,2,0,985,1284,309,8,4,10,0,0,1,0
1807,0,2.0,1,0,1,13,0.5,155,8,0,970,974,323,9,3,3,1,1,1,0
1923,0,0.5,1,7,0,46,0.5,191,1,10,767,1759,1489,10,9,3,1,1,1,1
1345,1,3.0,0,7,1,38,0.1,162,3,11,512,1465,1322,9,2,15,1,0,0,1
904,0,1.6,1,5,1,14,0.2,102,8,9,56,760,1846,7,0,3,1,0,1,1
1239,0,1.2,1,5,1,52,0.9,122,2,10,590,661,417,8,0,6,1,0,1,0
516,1,0.7,1,1,0,30,0.9,138,1,12,126,698,3731,17,13,15,0,0,0,2
672,1,0.5,1,0,0,54,0.9,95,4,11,578,1143,667,17,8,14,0,0,0,0
1130,1,2.5,0,4,1,58,0.1,132,5,14,88,1261,1018,17,1,16,1,0,0,0
1866,1,2.5,1,3,1,47,0.8,89,5,9,358,1782,1444,7,4,20,1,0,0,1
1597,0,2.3,0,11,0,34,0.4,89,1,14,64,1667,934,16,10,9,0,1,0,0
1046,1,2.8,1,0,1,58,0.2,100,8,0,259,1040,3863,17,12,9,1,1,1,3
1035,0,0.6,1,2,1,44,0.5,99,3,3,236,1960,3506,14,5,12,1,1,0,3
1261,1,0.5,1,0,1,11,0.2,90,4,0,858,1591,348,14,9,14,1,0,1,0
1068,0,0.7,1,9,0,51,0.5,124,4,15,1405,1910,550,12,8,6,1,1,0,0
1713,0,3.0,1,5,1,20,0.9,104,7,17,237,890,971,11,10,10,1,0,0,0
559,1,0.5,0,10,0,11,0.4,82,5,14,541,823,2019,10,4,16,1,1,1,1
860,1,1.6,1,13,0,48,0.5,187,7,18,335,1463,1870,17,2,18,1,0,0,1
1090,0,1.3,1,5,0,27,0.1,91,4,16,1638,1910,1352,5,1,11,0,1,0,1
686,1,0.5,0,11,0,3,0.3,91,6,15,1109,1392,570,7,6,19,0,1,0,0
818,0,1.3,0,14,0,43,0.9,177,6,15,111,510,546,12,6,7,1,1,1,0
1456,0,1.6,1,5,0,49,0.2,193,3,20,1285,1427,3624,12,11,16,1,1,0,3
1068,0,0.5,1,0,1,19,0.9,197,8,9,322,875,1209,19,12,12,1,1,0,0
1524,0,2.6,1,5,0,57,0.5,124,2,12,629,635,947,11,4,16,0,1,1,0
511,1,0.6,1,12,0,50,0.1,175,3,16,140,622,1484,9,7,8,1,0,0,0
1402,1,0.6,1,3,0,46,0.3,87,7,12,1081,1767,347,17,0,12,1,0,1,0
1270,1,2.3,0,0,0,58,0.5,104,5,1,1512,1716,3299,13,4,16,0,0,1,3
919,0,0.5,1,11,0,13,0.3,159,1,15,275,570,1028,8,4,17,1,0,0,0
1963,1,1.0,0,16,1,34,0.1,157,2,17,1136,1813,714,18,2,2,1,0,1,1
1881,0,2.2,0,4,0,51,0.3,158,5,7,477,1553,1229,12,0,14,1,0,0,1
683,0,0.7,0,5,0,19,0.9,173,4,17,954,1985,2622,16,3,5,0,0,1,2
772,0,2.6,1,7,0,6,0.1,100,2,10,741,1471,929,13,6,18,0,1,1,0
536,1,1.4,0,0,1,53,0.7,135,3,0,547,705,1211,15,10,7,1,0,1,0
1694,0,1.8,0,0,0,53,1.0,186,6,0,1194,1208,1653,7,5,6,1,0,0,2
1633,0,1.7,1,3,1,33,0.9,111,2,19,146,906,511,9,0,7,1,1,0,0
1371,0,0.5,0,4,0,52,0.5,167,4,19,471,663,3034,13,6,8,0,0,0,2
551,1,2.8,0,0,1,54,0.1,172,7,15,169,1916,1414,6,1,19,1,0,1,0
1986,0,2.7,1,3,1,64,0.2,162,4,20,236,1520,1377,5,3,15,1,1,1,1
1576,0,2.6,0,7,0,58,0.2,90,3,16,400,631,336,14,8,13,1,1,1,0
950,1,0.5,0,9,0,55,0.1,156,5,10,774,843,1095,14,12,13,0,1,0,0
1081,1,2.5,1,13,0,49,1.0,99,3,17,284,519,325,9,1,6,0,0,1,0
606,0,2.5,0,1,1,53,0.2,146,4,2,465,1152,1223,19,12,7,1,0,0,0
957,1,0.7,0,0,1,4,0.1,160,2,0,38,1682,1898,12,4,3,1,1,0,1
1681,1,2.5,1,6,0,18,0.3,167,1,7,850,1005,2265,5,3,20,1,1,1,2
1983,1,0.5,1,3,0,43,1.0,87,6,10,349,676,2775,9,4,3,0,1,1,2
1753,0,1.2,0,8,1,12,0.9,113,7,17,387,1595,1445,17,16,12,1,1,1,1
1632,1,1.4,0,0,0,41,0.1,132,4,1,706,1623,2614,5,4,15,1,0,0,2
1949,1,1.4,0,7,0,57,0.3,145,7,11,951,1178,356,5,3,19,0,0,0,0
1696,0,1.7,0,1,0,13,0.9,97,3,2,179,772,523,5,0,4,0,1,1,0
1104,0,1.7,0,1,1,60,0.4,199,2,13,653,1413,1229,6,0,3,1,1,1,0
1122,0,2.8,0,0,0,28,0.6,184,3,4,1578,1963,1402,14,10,3,0,1,0,1
504,1,0.5,1,2,1,46,0.9,172,5,14,280,1795,2085,13,5,8,1,0,0,1
1154,0,0.5,0,12,1,14,0.7,156,7,14,251,1801,587,8,3,4,1,1,1,0
1674,0,2.8,1,0,1,52,0.2,89,3,7,1432,1649,2030,7,0,6,1,0,0,2
1948,0,2.8,1,5,1,18,0.2,135,2,14,477,571,816,16,2,3,1,0,0,0
1218,1,2.8,1,3,0,39,0.8,150,7,14,1122,1746,1667,10,0,12,0,0,0,1
531,0,1.1,0,10,0,63,0.7,189,7,14,145,1903,2958,17,1,19,0,1,0,2
576,0,1.2,0,1,0,30,0.8,162,8,5,847,893,2800,11,6,16,0,1,1,2
673,1,1.7,1,3,1,22,0.1,88,1,5,594,1088,2050,7,2,17,1,1,0,1
718,0,0.7,1,0,1,21,0.8,88,1,7,518,830,1754,17,11,9,1,0,1,1
864,0,1.7,0,3,1,35,0.3,103,3,7,663,1805,1904,12,8,13,1,1,1,1
812,0,0.5,1,1,0,64,1.0,106,4,7,35,1309,3102,6,0,2,0,0,0,2
643,0,1.0,0,9,1,18,0.2,187,8,12,442,1079,2648,7,5,18,1,1,1,1
1522,1,0.7,1,4,0,28,0.2,124,1,5,952,1191,1368,14,5,17,1,0,1,1
587,1,2.5,0,16,1,51,0.6,111,1,17,244,1361,2746,10,4,7,1,0,1,2
1959,0,0.5,1,5,0,18,0.7,191,6,20,65,1055,619,7,4,8,1,1,1,0
1872,0,0.5,1,3,0,17,0.7,89,6,6,1749,1767,724,17,3,9,1,0,1,1
1043,1,0.5,0,7,0,42,0.1,111,3,8,716,1626,912,16,9,6,0,1,0,0
1703,1,0.5,0,5,1,23,0.2,92,6,7,134,521,793,7,3,17,1,1,0,0
1095,1,0.5,0,4,0,45,0.5,197,1,5,179,1247,560,9,1,10,1,1,0,0
1414,0,2.6,0,1,0,27,0.6,137,4,20,804,1564,312,5,2,8,0,0,1,0
1659,1,2.5,0,2,0,41,0.1,88,7,18,787,1515,545,12,0,9,0,1,1,0
1189,1,2.3,0,13,0,8,0.5,198,3,14,379,932,893,9,6,13,1,1,0,0
518,1,2.4,0,0,1,62,0.6,128,6,0,489,710,2514,16,12,7,1,1,1,1
1449,0,0.8,1,3,1,10,0.2,144,1,12,1518,1883,1032,10,0,8,1,1,1,1
516,0,1.1,1,0,1,39,0.4,91,5,7,855,1401,819,8,0,10,1,1,1,0
1893,1,0.5,1,1,0,23,0.1,179,8,3,1203,1432,1482,15,7,17,0,1,0,2
1076,0,2.5,0,3,0,14,0.2,105,5,4,545,1300,2043,7,5,14,0,0,0,1
530,1,2.6,0,1,0,40,0.9,118,6,2,818,1090,1229,16,11,2,0,1,0,0
1044,1,2.8,1,7,0,33,0.6,129,4,13,42,1262,1816,17,16,15,1,0,1,1
1741,1,0.5,0,1,1,55,0.1,140,5,3,719,755,2575,13,10,7,1,1,1,2
1869,0,2.6,0,0,1,30,0.4,152,1,13,163,874,1375,15,3,19,1,0,0,1
1331,0,0.5,0,8,0,55,0.9,146,3,15,1162,1531,1732,6,2,11,1,0,1,1
1655,1,0.5,1,6,1,4,0.1,105,3,12,626,1348,673,10,3,12,1,0,0,0
605,0,1.5,0,9,1,18,0.9,162,2,14,329,656,2301,15,9,8,1,0,0,1
1709,1,0.8,0,8,1,58,0.8,136,2,10,956,1292,1781,18,3,17,1,0,0,2
846,1,2.6,0,0,1,58,0.1,123,4,15,1140,1983,2248,16,8,13,1,0,0,2
1403,1,2.5,1,3,0,62,0.9,90,4,13,217,1623,921,14,13,18,1,0,0,0
688,1,1.5,0,0,0,2,1.0,89,3,2,271,869,391,5,2,8,1,1,1,0
1827,1,0.8,0,4,0,61,0.9,130,7,9,253,1764,2693,8,3,7,0,1,1,3
1697,0,0.5,0,0,1,60,0.1,90,4,0,88,1046,441,15,1,11,1,1,0,0
741,0,1.5,0,1,0,14,0.3,178,5,13,334,594,1886,19,11,9,1,1,1,0
1672,1,0.5,1,13,1,32,0.7,174,1,20,1281,1896,1267,17,4,20,1,1,0,1
514,1,0.7,0,4,0,57,0.1,186,3,7,168,1320,687,6,0,20,1,1,1,0
989,1,1.8,1,4,1,55,0.7,124,1,12,46,1069,1737,8,5,10,1,0,1,1
1510,1,2.5,1,11,0,47,0.7,138,2,13,118,1170,887,18,6,5,0,0,0,0
1266,0,2.6,0,1,0,18,0.4,86,7,2,1187,1595,398,16,8,3,1,1,1,0
808,0,2.3,0,3,0,45,0.8,161,1,9,526,1324,3431,15,6,13,0,1,1,3
1224,1,1.8,1,2,1,44,0.2,139,2,9,622,709,621,11,4,14,1,1,1,0
1970,0,1.6,1,11,1,58,0.3,80,8,19,654,882,2372,14,12,2,1,1,0,2
618,1,2.2,1,0,1,63,0.9,138,2,1,853,1781,2574,14,3,5,1,1,0,2
1871,0,2.1,0,4,1,41,0.4,144,8,5,275,1966,2727,15,8,11,1,0,0,3
1729,1,2.1,1,1,0,12,0.9,186,1,6,461,1178,1519,9,4,5,1,0,1,1
1106,1,1.9,0,4,0,54,0.7,107,3,9,614,1212,2674,9,3,9,1,0,1,2
1671,0,0.5,1,13,0,5,0.9,179,8,18,398,1263,815,16,6,10,1,1,1,0
831,1,0.7,0,2,1,62,0.7,134,8,9,1482,1490,2573,16,12,18,1,0,1,2
1528,1,1.8,1,3,1,55,0.8,129,5,6,454,1762,1282,11,9,11,1,1,1,1
1447,1,2.5,1,2,0,9,0.2,155,8,16,737,1455,568,12,11,8,0,0,0,0
1344,0,1.5,0,1,0,14,0.5,190,1,3,419,556,2074,8,1,5,1,1,0,1
921,0,0.6,1,1,0,60,0.1,83,2,3,1211,1229,1080,10,0,6,0,0,1,0
831,0,2.4,0,10,0,55,0.5,86,6,12,172,1239,1075,12,11,3,1,1,0,0
802,0,0.5,1,3,0,43,0.6,153,5,6,527,734,3063,17,13,4,0,1,0,2
1923,0,1.3,0,3,0,24,1.0,86,4,4,874,1264,2479,9,2,15,1,1,0,2
1193,1,3.0,0,10,0,56,0.4,196,3,17,674,864,2394,19,11,14,1,1,0,2
904,1,1.2,1,10,1,31,0.8,112,3,11,657,1014,2814,13,3,19,1,0,0,2
1635,0,2.6,1,0,1,2,0.6,182,4,0,1209,1411,2315,10,1,2,1,1,0,2
1923,0,1.0,1,5,1,14,0.9,154,4,6,15,525,2519,13,0,16,1,0,1,2
1851,1,1.9,1,3,1,12,0.9,198,6,11,293,1967,735,7,6,14,1,0,1,0
727,1,1.5,0,0,1,32,1.0,131,7,1,813,1377,1891,19,13,7,1,0,1,1
1396,0,1.5,1,0,1,44,0.1,118,6,1,173,1843,1386,7,1,8,1,1,1,1
877,0,1.3,1,9,1,46,0.8,135,1,14,457,652,3260,14,12,6,1,0,0,2
1009,1,1.0,1,2,0,2,0.6,102,8,14,912,1043,1716,7,5,15,0,0,0,1
987,0,2.0,1,1,0,20,0.8,192,7,3,412,565,1454,11,3,8,1,1,0,0
1732,0,0.8,0,2,0,61,0.3,172,5,3,201,656,3940,17,11,20,0,1,1,3
1587,1,0.5,0,0,0,50,0.9,148,8,15,299,874,461,17,4,4,1,0,1,0
1097,0,0.8,0,10,1,21,0.1,160,7,15,1277,1352,2219,15,6,12,1,0,1,2
504,0,2.8,1,0,0,40,0.5,178,3,0,626,1195,470,6,0,16,1,0,0,0
1910,0,1.4,0,0,0,29,0.6,146,7,2,333,639,2944,8,7,2,1,1,1,2
865,0,1.2,1,8,0,59,0.1,159,3,9,805,1804,2361,16,11,19,1,0,1,2
1930,1,2.0,0,11,0,16,0.8,186,8,12,1901,1920,1783,17,3,13,0,0,1,2
860,1,1.3,1,8,1,40,0.7,170,3,13,1573,1581,2832,13,7,20,1,1,1,2
1268,1,2.9,0,9,1,42,0.9,182,6,17,360,912,931,11,5,20,1,1,0,0
999,1,1.8,1,0,1,27,0.1,167,4,1,20,745,1344,17,10,5,1,0,0,0
622,0,0.7,0,0,1,9,0.3,127,2,0,98,511,3916,13,1,5,1,0,1,2
763,1,0.5,0,9,1,51,0.3,104,5,12,273,1278,2865,11,6,9,1,1,1,2
1100,1,1.6,0,12,0,15,0.1,112,8,14,919,1344,757,12,2,16,1,1,1,0
618,1,0.5,1,2,1,57,0.2,88,3,7,879,896,2399,18,15,17,1,1,1,1
553,1,2.2,1,0,1,18,0.7,136,2,1,1287,1892,3300,12,10,20,1,0,0,3
673,1,2.2,1,2,0,3,0.4,84,2,9,1109,1247,2719,19,2,9,1,1,1,2
563,0,2.0,1,3,0,47,0.3,115,7,12,211,684,3012,14,4,15,1,0,0,2
1590,0,1.5,1,12,1,14,0.5,187,4,15,1058,1109,2836,6,5,4,1,0,0,3
1031,1,2.1,1,2,1,11,0.1,121,2,9,532,1247,2385,11,7,16,1,0,0,2
909,1,0.5,1,9,0,30,0.4,97,3,10,290,773,594,12,0,4,1,1,1,0
709,0,1.9,0,11,1,13,0.1,81,8,15,570,1422,467,17,11,5,1,1,1,0
1744,0,2.8,0,0,1,62,0.7,158,1,0,621,1558,345,10,6,14,1,0,0,0
1136,0,0.5,0,0,1,9,0.9,150,6,2,1307,1767,2110,9,5,16,1,0,1,2
1300,1,0.5,0,5,0,62,0.1,156,6,7,219,1037,874,15,3,10,1,1,0,0
732,1,2.3,1,7,1,39,0.6,188,7,11,1163,1554,3681,19,3,15,1,1,1,3
511,0,0.7,1,1,1,52,0.7,180,2,10,24,759,3865,8,3,7,1,0,1,2
1092,1,0.5,1,10,0,11,0.5,167,3,14,468,571,737,14,4,11,0,1,0,0
1030,1,0.5,0,4,1,37,0.7,147,1,8,503,551,2800,8,6,12,1,0,1,2
1130,0,1.8,1,0,0,27,0.9,101,1,8,1495,1579,315,14,5,11,1,1,0,0
1735,0,1.8,1,16,0,34,0.1,140,2,17,149,876,2392,17,15,19,1,0,1,2
1129,1,2.8,1,0,0,49,0.5,185,2,2,1070,1079,1857,8,4,5,1,1,1,1
708,0,1.9,0,0,0,26,0.3,116,7,1,206,620,1419,10,6,16,1,1,1,0
894,0,0.7,0,2,1,58,0.1,123,2,3,158,747,3305,12,7,2,1,0,0,2
530,0,2.4,0,1,0,32,0.3,88,6,20,48,1012,959,17,7,6,0,1,0,0
1481,1,2.0,1,0,0,35,0.5,105,3,0,249,522,2635,17,16,4,1,0,1,2
1068,0,2.7,1,0,1,45,0.6,194,5,1,935,1499,1754,17,7,9,1,0,1,1
1487,0,0.5,0,6,1,57,0.7,84,3,12,140,768,2563,18,4,14,1,0,0,2
1524,0,2.5,1,11,1,41,1.0,96,4,20,184,740,1936,7,0,9,1,1,1,1
1093,0,1.9,1,2,1,22,0.3,196,8,14,238,807,1869,8,5,4,1,1,1,1
1816,1,1.6,1,0,0,50,0.1,186,5,2,800,1089,3637,11,7,16,0,0,1,3
627,0,1.8,0,2,0,20,0.8,142,3,8,211,507,896,17,6,14,0,0,0,0
989,1,0.7,0,13,1,51,0.4,132,3,15,670,804,2349,10,1,20,1,0,1,1
1895,0,0.5,0,2,1,5,0.7,134,1,11,725,1335,774,15,4,6,1,1,0,1
805,1,1.7,1,0,1,58,0.9,168,3,10,81,1544,3397,7,6,2,1,0,0,2
713,1,1.6,0,7,1,2,0.4,181,8,9,1211,1378,485,10,6,4,1,1,1,0
1177,0,0.9,0,1,0,11,1.0,181,4,7,945,1923,1887,8,5,11,1,1,1,1
582,0,0.5,0,8,0,32,0.7,107,3,11,1043,1702,2977,6,1,20,0,1,1,2
1898,0,1.8,1,3,1,56,0.2,185,7,4,444,739,2114,10,5,19,1,1,1,2
1158,0,0.7,1,1,1,29,0.7,123,2,20,311,1796,1542,17,9,15,1,0,1,1
984,0,0.5,1,3,1,9,0.8,140,3,20,531,707,841,18,15,16,1,0,0,0
580,1,2.1,1,0,0,24,0.4,135,4,5,404,898,3565,12,11,8,1,0,1,2
1263,1,2.0,0,0,0,5,0.4,146,6,3,954,1609,1958,9,6,4,1,1,1,2
1237,0,0.5,0,2,0,27,0.1,87,8,5,274,603,2454,14,0,8,1,1,1,2
1515,0,2.6,0,0,1,56,0.9,184,3,1,1438,1593,262,14,4,20,1,1,0,0
721,0,0.5,1,6,1,6,0.4,194,4,9,1446,1988,530,8,4,8,1,0,1,0
603,1,2.5,1,3,0,35,0.7,126,3,16,692,1057,3703,13,1,9,0,0,1,3
697,0,2.7,1,5,1,20,0.4,173,2,6,478,1477,259,12,6,4,1,1,1,0
717,1,0.5,1,4,0,10,0.6,198,1,5,217,1106,688,10,7,15,0,1,0,0
578,1,0.5,0,9,1,62,0.3,170,5,13,626,1134,2977,15,12,5,1,1,1,2
1971,1,0.5,1,0,0,40,0.3,186,7,19,485,922,571,8,7,17,1,1,0,0
1794,1,0.5,1,5,1,55,0.5,86,7,7,43,627,402,14,7,14,1,0,1,0
1558,1,2.5,0,2,1,32,0.1,114,5,3,322,1385,878,16,5,17,1,1,1,0
1994,1,0.8,1,2,1,7,0.6,88,8,4,667,711,454,11,8,6,1,1,0,0
1180,1,1.2,0,5,1,50,1.0,144,4,20,925,1252,1464,7,3,20,1,1,1,1
718,0,2.8,0,10,0,59,0.8,113,6,13,1185,1387,1824,11,9,3,1,1,0,1
1670,1,1.6,1,0,0,47,0.8,139,8,15,1706,1886,876,16,0,5,1,1,0,1
1566,1,0.5,1,0,0,20,0.5,126,2,0,1603,1930,659,14,9,13,1,1,1,1
1935,0,0.5,0,0,1,29,0.6,124,5,9,806,860,455,9,2,6,1,0,1,0
913,0,1.7,1,1,1,41,0.3,103,1,14,431,1144,2278,15,3,18,1,1,0,1
712,0,2.5,1,1,0,49,0.6,99,6,3,1131,1743,401,5,0,10,1,0,1,0
1083,0,1.0,0,6,0,52,0.9,126,2,20,925,1469,681,19,18,19,1,1,1,0
1039,0,0.6,0,5,1,6,0.1,136,6,8,62,544,3212,15,7,7,1,0,1,2
1449,1,0.5,1,0,0,52,0.6,105,6,0,211,947,2036,5,1,10,0,1,0,1
1796,0,1.6,1,5,0,7,0.1,101,4,6,667,798,1642,9,4,3,0,1,1,1
1097,0,1.4,0,0,0,60,0.8,181,1,17,405,519,509,15,12,12,1,0,0,0
740,0,1.8,0,1,0,12,0.2,123,1,11,935,1147,1105,7,6,19,0,1,1,0
676,0,2.2,0,1,1,39,0.2,84,1,5,864,1011,2064,13,7,6,1,0,0,1
503,1,1.8,1,1,1,13,0.7,131,1,4,1495,1688,3117,19,6,9,1,0,1,3
1020,0,1.5,0,13,1,7,0.7,96,3,18,870,1613,1142,13,9,8,1,0,1,1
896,0,1.0,1,3,1,4,0.3,111,1,4,1379,1469,1060,12,10,4,1,1,1,1
1824,1,0.8,0,4,1,19,0.9,143,2,5,1055,1738,2381,14,1,5,1,0,0,2
1053,0,2.9,0,7,0,42,0.9,126,6,17,419,1261,1339,17,0,14,0,0,1,0
1944,1,1.8,1,0,1,31,0.8,87,4,10,1111,1362,2560,7,3,8,1,0,0,3
1174,0,0.7,1,1,1,25,0.8,91,2,8,1097,1461,285,19,7,3,1,0,1,0
1602,0,2.7,0,4,1,46,0.6,118,1,5,273,1062,1862,16,9,2,1,0,1,1
586,0,1.4,1,10,1,8,0.5,142,8,14,116,598,3178,9,7,10,1,0,1,2
1528,0,2.4,0,2,0,37,0.2,156,8,3,306,564,733,15,0,14,1,1,0,0
875,0,0.7,0,2,0,23,0.1,110,7,7,300,1316,756,14,5,6,0,0,0,0
1426,0,1.6,0,4,1,12,0.7,174,5,16,1573,1694,1277,14,9,5,1,0,0,1
840,0,1.2,1,5,1,15,0.3,178,6,8,526,1728,2636,12,2,6,1,1,0,2
584,1,1.8,0,0,1,19,0.3,168,3,0,1123,1622,465,12,8,4,1,1,0,0
1541,1,2.8,1,10,1,28,0.2,165,5,15,796,1052,1108,12,1,7,1,0,1,1
615,1,0.5,1,7,0,58,0.5,130,5,8,1021,1958,1906,14,5,5,1,0,0,1
912,1,2.8,1,6,1,46,0.4,84,4,11,995,1310,851,8,4,4,1,1,1,0
1365,0,0.6,0,0,1,31,0.3,125,4,0,293,970,1300,14,7,13,1,0,1,0
1702,0,1.0,0,7,0,36,0.1,177,5,9,1240,1931,1430,8,6,10,0,0,0,2
589,1,0.5,0,1,1,59,0.7,146,8,4,759,1858,362,16,10,6,1,1,1,0
871,0,0.6,0,2,0,52,0.1,178,3,3,194,1437,437,14,7,17,1,0,0,0
1874,1,0.6,0,1,0,19,0.8,192,2,9,1238,1418,1218,15,10,17,0,1,0,1
1928,0,2.6,0,5,0,5,0.8,162,5,16,229,1004,696,14,12,15,1,1,1,0
888,0,2.6,1,2,1,33,0.4,198,2,17,327,1683,3407,12,1,20,1,0,0,3
1023,1,2.3,1,5,1,30,0.2,80,8,7,5,1744,2086,10,0,19,1,1,1,1
1426,1,0.8,0,2,1,42,0.6,84,3,10,715,1163,1356,15,9,16,1,0,1,1
831,0,1.7,1,7,1,26,0.7,177,5,11,511,621,1704,6,5,20,1,1,1,0
1433,1,2.3,0,2,1,5,0.1,129,5,11,420,784,2132,18,15,19,1,0,1,1
643,1,0.7,1,3,1,23,0.8,156,1,9,314,1400,2096,13,6,2,1,0,0,1
1901,1,0.5,0,5,1,41,0.6,131,2,17,3,1662,368,5,1,12,1,0,0,0
1510,0,0.6,1,1,0,32,0.7,135,3,8,963,1520,854,8,2,10,1,0,1,1
1924,0,2.6,0,0,1,59,0.9,136,6,0,1438,1923,3646,10,9,16,1,0,1,3
1825,0,1.1,1,13,1,17,0.1,157,4,18,1621,1773,3130,12,4,2,1,0,1,3
1275,1,0.5,1,3,1,5,0.2,152,1,9,19,501,3784,13,4,4,1,1,0,3
1538,1,2.3,0,6,1,13,0.2,121,7,7,567,986,1494,18,10,12,1,1,1,1
808,0,1.9,0,7,0,20,0.8,185,6,14,496,974,1471,13,4,11,0,1,0,0
712,0,0.5,0,6,0,27,0.5,86,2,11,1245,1309,2001,11,10,12,1,1,1,1
912,0,0.7,0,3,0,47,0.9,182,3,6,724,794,1321,7,2,6,0,1,1,0
948,0,2.3,0,14,0,22,0.1,173,5,20,257,1654,3499,11,7,19,1,1,1,3
1384,1,2.8,1,15,0,60,0.1,82,3,18,983,1210,1221,18,12,15,1,0,1,1
1811,1,2.5,0,4,1,5,0.6,98,4,16,447,568,2700,13,7,8,1,1,1,2
1159,0,1.5,0,3,0,36,0.4,104,4,8,717,1206,2115,8,7,18,0,0,0,2
1988,1,0.5,0,0,1,16,0.1,94,8,1,153,696,3144,16,2,14,1,0,0,3
1469,0,0.5,0,3,1,58,0.5,150,7,8,1699,1850,1571,17,16,2,1,0,0,2
1974,0,0.5,1,9,0,10,0.8,145,6,12,530,1496,1433,6,1,17,0,0,0,1
835,0,0.8,1,2,1,42,0.8,128,5,18,396,1378,2583,15,2,13,1,1,1,2
1429,0,0.6,0,8,0,42,0.9,151,5,9,670,1552,1817,6,1,16,1,0,0,1
1332,0,1.3,1,5,1,7,0.8,168,7,19,846,855,2790,19,11,10,1,1,0,2
1498,1,1.2,1,0,1,14,0.1,191,4,1,111,1167,577,14,12,12,1,1,0,0
1885,0,2.4,1,12,1,14,0.6,92,4,15,1406,1517,1277,9,6,16,1,0,1,1
798,1,0.5,1,7,0,2,0.8,148,2,15,497,627,3593,14,9,3,0,1,0,2
1998,1,1.2,0,8,0,31,0.6,196,8,19,50,1356,2311,17,9,18,1,1,0,2
1321,1,1.3,0,0,1,63,0.4,109,8,9,817,941,1464,7,6,16,1,1,1,1
1339,1,2.3,1,0,0,40,0.1,123,2,1,212,1269,2382,6,4,7,1,0,1,2
1210,1,1.6,1,9,0,57,0.5,111,4,20,329,1039,1886,16,0,17,1,0,1,1
882,0,0.7,1,9,1,28,0.2,151,6,16,248,884,751,19,11,8,1,0,1,0
1549,1,1.5,1,0,1,27,0.4,113,5,7,632,1162,436,10,8,11,1,0,0,0
1991,0,2.2,1,1,1,42,0.7,82,1,13,366,613,722,6,5,10,1,1,0,0
796,0,0.5,0,2,0,12,0.5,114,1,8,174,518,1075,7,3,2,0,1,0,0
1012,0,0.5,1,4,0,39,0.1,161,4,6,882,1195,2802,8,0,10,1,1,0,2
541,1,2.3,0,4,0,51,0.4,200,8,17,1012,1226,403,11,2,12,0,0,0,0
818,0,0.5,1,2,1,23,0.2,192,5,17,586,1552,2518,19,12,3,1,1,0,2
1414,0,0.5,0,0,1,15,0.8,168,2,0,294,1233,1069,18,6,14,1,0,0,0
601,1,1.7,1,3,1,6,0.8,169,4,11,818,1827,2651,14,8,9,1,0,1,2
561,1,2.8,1,2,1,40,0.1,99,7,6,426,865,2974,15,12,19,1,0,1,2
1616,1,2.3,1,3,0,52,0.1,100,5,8,151,1133,657,7,3,2,1,1,0,0
539,0,2.0,1,1,0,24,0.5,86,4,2,958,967,1326,7,4,3,1,1,0,0
826,0,0.5,1,0,1,57,0.5,135,2,0,354,530,323,17,3,7,1,0,1,0
1420,0,2.8,1,1,0,50,0.1,100,8,8,194,1393,763,17,1,17,0,1,1,0
1763,0,0.5,1,12,0,10,0.2,184,3,19,238,1893,792,17,12,13,1,0,1,0
1805,1,0.5,0,0,0,29,0.2,182,4,2,758,891,1276,19,4,17,0,1,0,1
610,1,1.6,1,9,0,52,0.4,90,4,19,1039,1273,3472,10,4,12,1,1,1,3
1533,1,1.1,1,18,1,17,0.3,160,4,20,1054,1393,2520,8,2,11,1,0,1,2
1801,0,0.5,1,6,0,52,0.9,120,6,10,100,1708,258,14,8,9,1,0,0,0
794,0,2.5,1,15,0,14,0.6,197,3,19,312,1376,2171,19,8,18,0,0,1,1
1686,1,0.5,1,4,0,28,0.8,182,5,8,599,1073,780,11,10,5,0,0,0,0
1444,1,2.1,1,0,0,6,0.9,103,1,1,1274,1340,712,17,5,10,0,0,0,0
1004,0,1.6,1,0,1,30,1.0,160,8,1,62,581,1012,7,4,13,1,1,1,0
1242,1,2.4,0,8,0,28,0.2,166,4,9,315,1796,318,11,10,19,1,0,0,0
717,0,1.1,1,2,1,14,0.1,99,8,6,1878,1981,629,16,15,20,1,0,0,0
1540,0,0.7,1,0,1,29,0.1,157,7,1,318,831,1161,11,8,5,1,0,0,0
672,0,0.5,0,7,1,35,0.1,99,8,17,574,1267,1403,16,7,6,1,0,0,0
950,0,0.5,0,6,1,55,0.1,124,8,7,86,1681,1305,6,5,4,1,0,1,0
948,0,1.5,1,6,0,18,0.3,119,4,7,340,1728,2926,17,13,9,1,1,1,2
1328,1,0.5,0,5,1,27,0.3,144,3,18,602,1156,2674,7,2,5,1,0,1,2
1447,0,0.5,0,3,0,40,0.7,184,2,5,963,1062,471,8,4,20,0,0,1,0
1973,1,0.5,1,3,0,21,0.8,95,8,7,127,507,1724,12,10,8,0,0,1,1
1731,1,2.3,1,18,0,60,0.5,171,4,20,142,1039,1220,9,3,20,0,1,0,1
1617,0,1.5,0,1,1,63,0.7,111,2,10,274,1079,2754,19,10,8,1,1,1,2
1791,1,0.5,1,1,1,33,0.5,110,5,4,371,682,594,17,8,16,1,0,1,0
851,0,2.3,1,7,1,54,1.0,101,2,9,788,1007,1005,12,2,14,1,0,1,0
714,1,0.5,0,1,0,30,0.3,145,4,2,643,1527,2302,12,10,10,0,1,1,1
951,0,0.5,0,6,1,15,0.6,81,2,17,854,935,1083,16,11,16,1,1,0,0
1759,1,1.4,0,10,1,15,0.4,101,4,13,382,1163,2107,18,5,16,1,1,0,2
1448,0,0.5,1,18,0,2,0.2,100,5,19,846,1144,593,9,4,18,1,1,1,0
1987,1,1.9,0,0,0,50,0.7,119,8,18,960,1925,857,12,4,6,1,1,0,1
908,0,2.1,0,1,0,44,0.6,95,5,2,154,941,3518,16,12,7,1,1,1,3
820,0,0.5,1,2,0,58,0.3,160,4,4,468,694,1284,17,7,17,0,0,1,0
904,0,2.7,1,4,0,19,0.6,147,6,7,1094,1496,545,19,18,16,0,0,0,0
667,0,1.3,1,4,1,6,0.1,149,6,10,272,870,3566,9,5,12,1,0,1,2
1109,0,2.1,0,1,0,34,0.1,173,1,4,165,1103,2821,13,5,17,1,0,1,2
1352,0,2.4,0,5,1,6,0.9,92,6,9,629,1299,1309,12,1,14,1,0,0,1
1600,0,2.5,1,1,0,19,0.6,88,6,9,831,1713,1179,10,3,18,0,0,1,1
1454,0,1.4,1,8,0,37,0.8,80,8,20,903,910,1713,16,0,19,0,0,0,1
1581,1,1.0,0,9,0,41,0.4,172,4,19,693,850,1384,19,9,2,0,1,1,1
1672,1,1.7,1,1,1,44,0.5,172,8,4,1250,1435,1348,11,6,7,1,1,1,1
630,0,2.0,0,9,1,14,0.5,180,8,13,66,1448,1212,12,8,12,1,0,0,0
659,0,2.2,0,0,1,24,0.7,151,8,2,924,1877,3925,8,1,10,1,1,1,3
1811,1,0.5,1,0,0,32,1.0,115,6,0,204,1132,348,17,11,18,1,0,1,0
688,1,2.5,0,9,0,40,0.2,109,5,20,376,1957,1382,12,7,8,0,1,0,1
514,1,2.9,1,5,0,18,0.7,141,2,8,1083,1492,980,13,7,16,0,0,1,0
1933,0,2.8,1,1,0,16,0.5,154,3,9,229,1473,838,14,2,18,0,1,0,0
915,0,2.0,0,8,1,31,0.3,91,3,20,875,1316,378,11,6,9,1,1,0,0
1006,0,2.2,1,4,1,22,0.8,135,4,8,35,991,909,18,4,7,1,0,1,0
973,0,0.5,1,5,0,53,0.5,196,5,7,105,588,1861,13,10,16,0,1,0,1
1180,1,2.5,0,0,1,27,0.1,90,6,1,168,540,348,7,5,19,1,1,1,0
1237,1,2.5,0,7,0,13,0.8,98,4,12,18,1004,2528,11,8,16,0,0,0,2
1142,1,1.4,1,6,0,6,0.7,190,8,8,534,855,663,12,4,5,0,1,1,0
1002,0,2.7,1,16,1,11,0.4,185,6,18,285,512,961,10,7,19,1,0,1,0
1392,0,2.5,0,0,1,44,0.7,113,4,2,482,1098,1280,8,1,16,1,0,1,1
602,0,0.9,0,9,0,50,0.9,141,8,18,1571,1717,2189,7,5,16,0,1,0,2
1249,1,0.5,0,3,1,55,0.8,140,3,8,605,1193,531,18,10,13,1,1,1,0
531,1,0.5,1,0,1,12,0.5,121,4,3,158,1657,2331,18,12,20,1,0,1,1
1450,0,2.1,0,1,0,31,0.6,114,5,4,1573,1639,794,11,5,9,0,1,1,1
1404,0,2.1,0,16,0,44,0.9,151,1,20,1703,1880,1196,10,6,5,0,0,1,1
840,0,0.9,1,6,0,33,0.7,150,6,7,1482,1591,2072,10,8,19,0,1,0,2
1368,0,0.5,0,10,1,42,0.2,91,1,20,907,925,1590,12,0,14,1,0,0,1
1201,1,0.5,0,1,1,10,0.4,198,6,5,1151,1723,726,11,4,3,1,1,0,0
776,1,1.7,0,0,1,20,1.0,146,4,9,991,1803,685,15,11,7,1,1,1,0
510,0,2.6,0,0,0,33,0.1,110,6,10,1052,1897,1693,6,2,5,0,1,0,1
1045,1,1.2,1,3,1,40,0.1,175,6,7,1078,1564,2137,11,8,12,1,0,1,2
1425,1,0.6,0,0,1,33,0.5,89,3,2,396,1648,3771,10,3,9,1,0,1,3
726,0,2.2,0,0,1,40,0.8,94,4,20,323,978,1342,16,11,4,1,1,1,0
1595,0,1.9,1,1,0,63,0.9,88,1,20,1475,1988,908,18,13,6,0,0,1,1
541,0,1.0,0,0,1,10,0.4,127,4,0,1836,1873,1019,19,9,15,1,1,0,1
1150,1,2.7,0,0,0,39,0.4,151,8,1,397,800,999,6,2,11,1,1,0,0
1254,1,2.3,0,0,1,44,0.2,149,1,10,204,1021,3011,7,4,12,1,1,0,2
603,0,1.5,0,8,0,12,0.7,114,6,20,1003,1284,1543,7,5,19,1,1,0,1
565,0,0.6,1,1,0,50,0.1,158,2,8,543,703,2156,13,6,6,1,1,1,1
742,1,2.3,0,0,0,21,0.7,104,8,1,875,925,331,11,8,7,1,0,0,0
761,1,0.5,0,9,0,3,0.8,196,7,15,1325,1945,2248,19,3,15,1,1,1,2
772,1,1.2,1,7,1,8,0.6,134,7,8,552,1802,422,7,6,15,1,0,0,0
1015,1,0.8,0,5,0,12,0.5,102,3,14,335,679,2293,5,1,2,0,1,0,1
1130,1,0.5,1,1,1,29,0.7,130,1,14,593,1327,432,6,1,10,1,1,1,0
1183,1,0.5,1,3,1,48,0.1,120,8,12,268,1010,1152,8,3,3,1,0,0,0
574,1,2.0,1,0,1,26,0.5,118,6,2,382,1364,1303,8,4,2,1,0,1,0
1472,0,3.0,0,4,1,20,0.3,169,2,6,443,892,797,6,1,11,1,1,0,0
1868,1,0.5,0,2,1,40,0.9,179,8,17,576,884,298,8,2,17,1,1,0,0
1186,1,0.5,1,2,0,21,0.4,160,8,4,68,584,2361,17,8,7,1,0,0,1
852,0,1.8,1,5,1,8,0.8,160,5,9,683,1349,315,7,6,20,1,0,0,0
1575,0,2.5,1,0,1,11,0.2,185,7,20,492,818,2182,7,3,17,1,1,0,2
1063,0,1.5,0,7,0,3,0.9,155,4,10,394,849,1919,12,10,20,1,1,0,1
1343,0,2.4,1,5,1,14,0.9,81,8,10,1063,1205,462,18,7,11,1,1,1,0
595,0,2.6,0,0,1,20,0.4,122,2,18,623,816,1593,19,11,2,1,0,1,0
1081,1,1.9,1,13,1,42,0.1,101,7,17,83,816,2456,7,4,7,1,0,0,1
1883,0,1.6,0,9,0,24,0.1,87,1,16,203,915,3563,17,10,3,0,0,0,3
1128,1,0.5,1,6,0,33,0.6,147,8,7,938,1226,1440,17,15,19,1,0,0,1
826,1,2.4,1,14,1,57,0.6,117,2,17,1077,1183,1907,15,14,5,1,0,0,1
1650,0,2.3,0,0,1,38,0.7,89,1,1,773,881,324,14,10,2,1,1,1,0
1517,0,2.5,0,2,1,8,0.8,169,4,18,570,1645,2738,18,16,12,1,0,0,2
963,0,0.5,0,1,1,60,0.8,156,3,3,742,821,2722,12,6,16,1,0,0,2
1028,1,2.8,0,1,1,30,0.1,193,1,10,1801,1923,1424,18,4,13,1,0,1,1
1831,1,2.2,1,4,0,55,1.0,189,8,9,1693,1790,1133,14,3,10,0,1,0,1
571,1,2.0,1,5,1,58,0.6,101,6,11,31,1536,555,19,10,11,1,0,1,0
1770,1,2.3,0,0,0,9,0.6,183,6,5,1098,1373,3785,13,10,14,1,0,1,3
642,1,0.5,0,0,1,38,0.8,86,5,10,887,1775,435,9,2,2,1,1,0,0
622,1,1.9,1,12,0,11,0.8,193,8,14,760,1964,3183,5,0,4,1,1,1,2
733,0,0.8,0,7,0,16,0.4,138,4,12,202,1787,2648,12,0,19,1,1,0,2
1070,1,3.0,0,9,0,19,0.8,160,7,16,90,1614,2647,14,13,20,0,1,0,2
875,1,0.7,1,1,0,30,0.7,146,8,8,469,853,702,19,15,15,1,1,1,0
823,0,1.0,1,9,1,18,0.2,182,5,16,1180,1350,3894,13,10,9,1,1,0,3
1330,1,1.8,1,1,0,40,0.5,177,1,5,194,892,2678,9,4,14,1,1,1,2
1660,0,0.5,0,2,1,15,0.7,100,8,8,440,569,2424,12,5,9,1,1,0,2
1611,0,0.5,1,4,1,27,0.9,199,1,10,163,1011,3078,15,2,6,1,0,1,2
1772,1,1.6,0,17,1,45,0.5,159,2,18,837,1405,1146,6,1,17,1,1,0,1
1280,1,1.3,0,0,1,39,1.0,108,7,1,356,588,2335,6,4,2,1,0,1,1
1712,1,0.9,1,2,0,23,1.0,155,7,19,155,663,1422,5,0,15,1,1,0,1
1562,1,0.7,0,0,0,55,0.1,140,8,1,1032,1776,2096,15,3,3,0,0,0,2
891,0,1.9,1,1,1,18,0.1,153,6,3,40,1435,1303,17,16,4,1,1,1,0
1110,0,0.6,0,1,0,42,0.9,192,5,2,1179,1262,456,12,8,18,1,1,0,0
769,0,0.5,1,12,1,54,0.2,112,4,19,1385,1780,941,15,8,20,1,0,1,0
1872,0,0.5,0,5,1,26,0.5,172,4,10,672,1088,2273,8,4,8,1,0,1,2
1076,0,2.3,1,0,1,14,0.7,191,5,0,1088,1718,2355,17,16,2,1,1,1,2
911,1,2.2,1,1,1,28,0.5,182,2,2,157,763,2638,8,4,13,1,1,1,1
1273,1,0.7,0,1,0,23,0.6,178,6,14,485,1399,558,8,5,13,1,0,0,0
1062,0,0.5,0,3,1,39,0.9,124,4,4,571,817,1345,16,0,11,1,0,1,0
1317,0,1.5,0,6,0,12,0.1,154,2,9,431,542,425,7,0,11,1,1,1,0
729,1,2.0,0,0,0,14,0.6,135,6,2,563,1055,3397,19,15,17,1,0,1,2
1546,1,1.6,1,2,1,27,0.7,124,2,6,1138,1491,267,12,10,16,1,1,0,0
895,0,0.5,1,6,0,16,0.3,164,8,14,126,1575,3122,7,0,4,0,0,1,2
793,1,1.9,1,0,1,43,0.3,124,8,2,15,1196,1050,11,9,3,1,1,1,0
625,0,2.7,1,2,0,42,0.8,138,8,3,203,1771,2929,10,4,17,1,0,0,2
1110,0,1.5,0,2,1,12,0.3,153,8,5,961,1950,624,9,7,15,1,0,0,0
999,0,1.7,0,6,0,49,0.6,132,1,17,608,1970,1598,7,0,8,0,1,0,1
1856,0,0.5,1,0,1,24,0.1,155,5,1,277,1155,2052,17,6,10,1,1,0,2
1715,0,2.6,1,9,1,15,0.6,120,6,20,114,1849,1249,16,2,4,1,1,0,1
1897,1,1.9,0,2,1,54,0.3,154,2,7,630,738,412,17,11,2,1,0,0,0
1202,1,2.4,1,0,0,19,0.1,122,2,1,404,1742,595,19,0,3,0,0,0,0
1171,1,1.7,1,2,0,19,0.3,167,7,19,248,755,263,6,5,8,0,0,0,0
964,0,2.0,0,0,1,22,0.7,86,8,0,225,1234,2577,17,16,5,1,1,0,2
1973,1,2.4,1,6,0,46,0.1,193,4,10,699,851,639,6,0,3,0,0,1,0
1093,0,0.5,0,1,1,31,0.6,171,2,12,1310,1420,1646,12,0,6,1,1,0,1
1830,0,0.5,0,0,0,7,0.9,191,6,12,460,1583,2334,8,7,14,0,1,0,2
826,0,0.6,0,3,0,62,0.7,187,4,19,778,1615,1998,17,4,17,0,0,0,1
1864,0,2.2,0,0,1,7,0.1,142,1,2,225,1545,2258,10,1,10,1,0,0,2
586,1,0.6,0,16,1,42,0.3,121,7,17,785,1118,1869,12,2,7,1,1,1,1
1206,0,3.0,1,10,1,30,0.6,127,3,13,1581,1713,1825,7,1,4,1,0,1,2
848,1,2.8,0,1,0,8,0.1,103,7,3,7,1294,436,10,6,15,1,1,1,0
1776,1,2.1,1,10,0,35,0.1,172,4,16,278,623,1813,16,13,20,1,1,1,1
1254,1,1.2,0,2,1,27,0.2,134,2,10,1288,1372,817,14,1,16,1,1,1,0
1494,0,1.6,1,4,1,24,0.2,101,1,17,979,1190,3614,15,12,9,1,0,0,3
984,1,2.2,1,0,1,39,0.5,119,8,18,56,1931,2013,11,7,16,1,1,0,1
1179,1,0.8,0,1,0,5,0.9,154,5,17,913,1429,543,8,7,18,0,0,1,0
1129,1,0.8,1,9,1,21,0.6,116,2,10,1128,1702,1400,11,0,13,1,1,0,1
1148,0,2.3,1,0,1,58,0.3,170,5,20,606,688,3127,10,7,11,1,0,0,2
1641,0,1.1,0,6,0,48,0.7,97,8,7,224,1994,1695,13,6,17,1,0,1,2
623,0,1.4,1,0,1,15,0.2,189,3,1,778,844,3510,14,4,18,1,0,1,2
1057,1,2.7,0,3,1,41,0.1,97,4,10,397,891,2033,16,9,2,1,1,0,1
1862,0,1.5,0,1,0,62,1.0,182,1,2,386,1046,1017,11,3,9,1,0,0,1
1000,0,2.7,0,1,1,58,1.0,135,5,12,461,833,862,7,0,20,1,0,0,0
841,0,0.5,0,6,1,11,0.3,81,5,14,125,675,957,6,5,11,1,1,0,0
999,0,2.6,1,11,1,56,1.0,165,4,13,342,1641,3083,8,4,11,1,1,1,2
1194,0,2.3,0,6,1,34,0.2,165,2,12,494,509,313,15,1,19,1,1,0,0
986,1,0.8,0,13,1,28,0.8,182,4,20,199,679,1149,8,7,18,1,1,0,0
1695,1,0.5,1,2,1,47,0.5,189,5,13,308,1208,1629,8,6,11,1,1,0,1
1768,1,2.0,0,0,1,2,0.8,88,7,2,1303,1814,3256,9,6,5,1,1,0,3
1269,1,2.8,1,16,0,41,1.0,180,8,17,406,1036,2341,10,9,16,0,0,1,2
855,1,0.5,0,2,1,59,0.5,159,2,3,1028,1196,1875,16,8,8,1,1,1,1
771,1,0.5,1,0,1,33,0.1,157,3,17,776,1247,920,16,2,10,1,1,1,0
645,0,2.5,0,10,1,63,1.0,174,4,14,278,584,3615,18,8,13,1,0,1,2
1307,0,1.8,0,2,0,7,0.6,88,7,3,897,1103,1412,16,9,5,0,0,1,1
1948,0,2.9,1,4,0,5,0.2,136,1,13,651,700,361,6,1,10,0,1,0,0
1509,0,0.6,1,5,0,50,0.3,81,4,8,1010,1684,1540,12,8,3,1,1,0,1
626,1,2.8,1,3,1,11,0.8,109,2,9,737,1759,1077,6,1,4,1,0,1,0
1727,1,2.1,1,10,0,57,0.3,158,6,18,376,1288,512,5,2,6,0,0,0,0
1559,1,1.3,1,10,1,10,0.3,114,8,17,117,681,2203,7,5,15,1,1,1,1
1751,0,2.5,0,1,0,4,0.6,146,8,9,1499,1952,1155,19,14,12,0,1,1,1
1416,1,1.8,1,0,0,20,0.1,93,4,0,1175,1578,3872,10,2,7,0,0,1,3
1288,0,0.5,1,3,1,61,0.2,115,6,6,988,1503,1882,16,6,10,1,0,1,2
1003,1,2.9,0,16,1,16,0.6,119,8,19,190,1905,1798,16,7,10,1,0,0,1
1967,0,0.5,0,0,1,46,0.6,199,1,7,518,1374,1567,15,2,7,1,1,0,1
962,0,1.0,1,14,0,2,0.9,125,1,20,1618,1916,1491,16,2,14,1,0,0,1
1487,0,1.5,0,5,1,42,0.8,120,2,7,857,989,2003,12,4,3,1,0,0,2
1146,0,3.0,0,5,1,57,0.4,111,5,10,73,583,291,19,9,11,1,1,1,0
1379,1,1.5,0,6,1,9,0.8,118,8,13,98,755,1693,11,4,18,1,0,1,1
1630,1,2.8,1,0,1,32,0.9,80,6,1,712,1726,1751,12,10,20,1,0,1,2
1125,1,2.7,0,10,0,23,0.4,117,1,14,774,939,1641,14,8,12,1,1,0,1
614,1,0.7,0,4,1,51,0.1,178,7,7,1012,1040,2854,10,7,12,1,0,1,2
1826,1,0.5,1,5,1,49,0.6,172,8,6,973,1633,1612,17,9,17,1,1,0,2
807,1,0.5,1,0,0,37,0.2,127,4,0,245,829,2319,5,4,4,0,0,0,1
1083,1,2.0,0,3,0,41,0.7,158,5,5,937,1164,1543,18,3,10,0,0,1,1
535,0,1.9,0,5,0,24,0.2,190,8,19,398,1775,524,9,3,4,0,0,0,0
673,1,1.9,0,13,1,35,0.4,142,6,14,1096,1570,3541,18,17,4,1,0,1,3
1219,0,1.6,1,5,0,4,0.3,169,6,7,1419,1698,1998,9,2,4,0,0,0,2
1441,0,0.6,1,0,1,53,0.5,106,1,12,254,954,1393,9,4,4,1,1,1,1
1470,0,2.2,1,4,1,33,0.4,138,7,10,1790,1988,1633,18,4,4,1,0,0,2
1619,1,0.9,0,3,0,20,0.9,117,6,9,813,1180,464,7,5,16,1,0,1,0
1002,1,1.8,0,1,0,45,0.7,180,7,7,948,1007,1234,19,13,18,1,1,0,0
742,1,0.5,0,0,1,36,0.7,139,3,1,1161,1288,292,8,0,6,1,1,1,0
1424,1,2.9,1,0,0,20,0.6,180,5,0,181,1199,2658,15,0,19,1,0,0,2
942,0,1.4,1,8,0,27,0.5,91,4,9,754,1532,587,6,3,13,0,1,1,0
1934,1,2.7,0,8,1,2,0.1,118,4,16,242,1127,2190,18,1,9,1,0,1,2
1290,1,1.4,1,19,1,35,0.3,110,4,20,405,742,879,16,2,8,1,0,0,0
1699,1,0.5,0,16,0,21,0.1,156,4,20,105,1099,1181,16,0,18,1,1,0,1
548,0,1.0,1,0,1,56,0.4,146,4,14,657,1657,562,17,14,8,1,1,1,0
1783,1,0.5,0,8,0,14,0.6,183,8,11,910,1566,1816,12,7,7,0,0,1,2
1083,1,1.4,1,2,1,49,0.8,156,5,9,295,503,1338,16,8,5,1,1,1,0
1969,0,0.8,1,5,1,7,0.2,85,8,20,332,764,315,16,7,7,1,1,0,0
869,0,1.9,0,0,0,2,0.6,197,7,3,519,533,3249,19,0,12,0,0,1,2
1337,1,2.7,1,0,0,5,0.7,200,4,1,161,1029,3242,10,1,20,0,1,0,2
637,1,0.8,1,2,0,28,0.6,194,4,6,1080,1289,2725,15,10,7,0,0,0,2
833,1,0.6,1,0,1,27,0.3,145,4,2,649,1290,586,19,8,19,1,0,1,0
1174,1,0.9,0,7,0,30,1.0,147,4,20,744,1244,804,17,14,16,0,1,1,0
1002,0,2.6,1,7,0,27,0.1,146,1,10,115,1111,1295,18,15,17,1,0,1,0
1010,1,2.0,1,2,1,8,0.9,139,5,3,547,957,2625,15,11,12,1,1,0,2
1117,1,0.5,1,2,0,21,0.1,177,2,19,495,1035,1999,15,9,2,1,0,1,1
1982,0,1.1,0,12,0,24,0.1,129,7,16,764,1873,3511,16,14,15,1,1,1,3
1607,0,1.1,1,6,1,20,1.0,192,2,8,776,1005,885,11,1,14,1,1,0,0
1066,0,3.0,1,6,1,5,0.5,167,5,7,53,1504,1044,8,7,11,1,0,0,0
681,0,0.5,1,12,1,17,0.9,194,5,19,371,1702,2548,6,1,5,1,0,1,2
1163,1,2.1,1,0,1,19,0.9,132,2,1,728,818,2940,13,0,15,1,0,1,2
1779,1,2.6,1,2,0,5,0.8,90,1,3,1225,1717,1246,12,2,20,0,1,0,1
987,1,1.9,0,4,1,52,0.5,83,3,8,419,736,2757,17,12,15,1,1,0,2
511,0,0.9,1,15,1,24,0.6,136,3,18,367,1264,2378,18,3,4,1,0,0,1
1044,0,1.8,0,4,1,12,0.7,104,6,5,1230,1263,1794,18,7,19,1,1,1,1
946,1,1.4,0,9,0,26,0.1,186,6,10,273,891,1637,7,3,6,1,0,1,0
657,1,1.9,1,2,0,21,0.1,110,8,8,705,1905,783,6,1,11,1,1,0,0
1673,1,1.6,0,2,0,42,0.5,182,5,6,214,679,3094,12,4,20,0,0,0,2
926,1,0.8,0,6,1,59,0.8,161,7,14,84,793,256,18,7,2,1,0,1,0
618,0,1.1,0,11,1,45,0.2,188,3,20,1175,1586,2339,19,2,10,1,1,0,2
936,1,2.3,0,5,1,57,0.2,129,2,6,657,938,2049,12,8,5,1,1,0,1
1339,1,0.5,1,10,1,21,0.5,80,4,11,833,1441,867,8,3,3,1,1,0,0
995,0,1.3,1,1,0,10,0.1,104,4,3,258,1889,609,11,3,5,1,0,1,0
1086,1,1.7,1,0,1,43,0.2,111,6,1,56,1150,3285,11,5,17,1,1,0,2
1322,0,2.3,1,1,1,35,0.1,157,1,3,443,708,3684,15,8,6,1,0,0,3
1944,1,0.5,0,1,1,26,0.5,92,4,9,313,712,2322,19,8,7,1,0,1,2
581,0,0.6,0,5,1,56,0.2,180,2,10,523,565,354,10,4,13,1,1,1,0
1020,1,0.7,1,3,1,27,0.7,128,4,4,919,1482,3204,18,1,9,1,0,1,3
1936,0,1.3,0,2,0,44,0.1,139,3,3,570,1021,1400,17,7,3,0,0,1,1
1329,1,1.7,0,5,1,23,0.6,198,8,6,380,682,2308,11,10,9,1,1,0,1
808,1,0.5,1,3,0,46,0.5,105,8,15,119,529,1082,15,5,10,1,0,1,0
994,0,1.2,1,4,0,40,0.9,164,2,17,296,839,3104,17,7,11,0,0,0,2
1811,1,2.0,0,3,1,22,0.2,82,2,8,358,614,2847,9,2,4,1,0,1,2
993,1,2.3,1,0,0,16,0.4,106,7,13,424,1639,1113,14,1,6,0,0,1,0
719,1,0.5,1,0,1,23,0.4,113,6,9,431,1727,3990,14,9,12,1,1,1,3
733,1,0.6,1,0,0,63,0.3,105,7,10,950,1739,984,17,4,9,1,0,1,0
1514,1,1.4,0,3,1,12,0.6,138,3,4,306,538,1037,15,3,15,1,0,1,0
579,1,2.5,0,3,0,7,1.0,89,8,10,808,1517,2908,12,4,11,0,0,1,2
574,1,3.0,0,1,1,30,0.9,126,2,3,94,1334,1167,5,3,19,1,0,0,0
843,0,1.3,1,1,0,16,0.9,119,7,4,593,732,1734,17,8,14,0,0,1,1
909,1,0.7,1,7,0,47,0.1,146,3,9,410,1643,1244,14,10,16,0,1,0,0
1251,0,0.5,1,10,1,29,0.7,133,6,16,308,591,1052,11,9,11,1,0,0,0
1354,1,0.7,1,3,1,26,0.5,136,4,6,297,918,2090,5,1,13,1,1,0,1
930,1,0.5,1,3,1,34,0.5,190,4,16,1050,1726,2131,7,2,6,1,0,1,2
1424,0,0.5,1,16,1,23,0.6,80,4,18,1399,1663,1053,14,11,16,1,1,1,1
583,1,0.9,1,1,0,51,0.9,88,8,2,1658,1794,1799,16,9,7,0,1,0,1
1203,1,0.5,1,0,1,11,0.9,109,2,12,35,510,1672,17,13,19,1,1,0,0
1777,0,2.2,1,0,0,15,0.2,100,4,7,553,874,1552,10,8,10,1,1,0,1
1299,1,2.8,1,0,0,64,0.5,83,6,6,46,908,1938,19,8,5,1,0,1,1
527,0,0.7,1,4,0,53,0.9,128,1,11,67,1924,1302,13,7,13,0,0,0,0
793,1,2.8,1,1,1,64,0.4,179,4,2,818,1006,2296,12,0,5,1,1,0,1
873,1,0.5,1,6,0,8,0.6,152,7,9,1257,1411,575,15,8,7,1,0,1,0
1250,1,1.5,0,14,1,20,0.4,167,5,18,11,1020,3314,6,5,6,1,1,1,2
1358,0,1.7,0,0,0,60,0.6,147,3,1,889,1635,440,14,10,13,1,0,0,0
1702,1,2.3,1,12,1,47,0.6,107,2,19,1284,1643,595,10,0,19,1,0,1,1
534,0,0.5,1,4,0,2,0.2,85,5,16,911,1220,2466,5,3,18,0,1,1,2
713,0,1.4,1,4,0,53,0.8,98,1,17,123,1477,1462,19,18,13,1,0,1,0
1207,0,0.5,0,0,0,58,0.3,112,8,0,406,681,503,7,3,5,1,1,0,0
594,1,2.6,0,1,0,27,0.1,196,5,2,407,528,708,17,5,17,0,1,1,0
1565,1,0.5,0,0,0,38,0.1,121,5,1,781,1364,308,19,17,7,1,1,1,0
1052,0,0.9,0,1,0,6,0.8,195,4,16,1191,1839,552,6,1,11,0,0,1,0
713,0,1.6,0,4,1,63,0.7,89,2,8,103,1760,2082,15,10,12,1,0,0,1
1766,1,0.5,1,1,0,16,0.6,141,5,7,125,1227,3314,9,7,17,0,0,1,3
584,1,1.7,1,1,1,19,0.4,199,4,4,919,1343,3996,12,9,17,1,1,1,3
1541,1,1.5,1,6,1,5,0.5,109,4,10,536,1656,1795,7,3,4,1,1,1,1
837,0,2.4,1,1,0,51,0.2,104,5,15,638,1831,594,16,6,20,1,0,1,0
935,1,0.5,1,3,1,58,0.1,155,5,12,639,1087,2473,10,4,9,1,0,1,2
665,1,0.7,0,0,1,31,0.1,185,5,2,496,1804,690,5,2,15,1,0,0,0
680,1,2.4,0,13,1,34,0.4,157,2,17,686,1418,3845,15,1,4,1,1,1,3
877,0,1.5,1,0,1,17,0.1,195,7,0,1064,1985,2004,11,8,9,1,1,1,1
1493,0,1.5,1,13,0,53,0.5,102,5,16,240,1414,2083,19,15,20,0,1,1,2
842,1,1.8,1,4,0,57,1.0,124,3,10,348,730,1903,8,4,14,0,1,0,1
1692,0,2.1,0,4,1,2,0.9,106,1,17,1899,1904,3779,9,3,7,1,1,1,3
1065,0,1.7,1,4,1,48,0.3,162,6,8,1188,1948,265,8,0,12,1,0,0,0
958,1,1.6,0,9,1,60,0.4,200,1,12,730,751,1417,10,4,19,1,0,1,0
623,1,0.8,0,6,1,26,0.3,197,7,12,484,1238,1769,10,1,16,1,0,0,1
897,0,1.4,1,1,0,17,0.4,171,1,2,547,1852,2948,12,3,5,0,0,1,2
1715,0,1.3,0,0,1,12,0.3,94,8,6,1224,1676,1633,15,10,5,1,1,1,2
720,1,0.9,1,12,1,14,0.8,165,4,14,366,1234,1086,14,7,3,1,1,0,0
1660,0,0.6,0,2,1,24,0.8,169,2,3,223,1777,2402,12,10,14,1,1,1,2
592,0,0.8,1,1,0,52,0.9,103,7,10,332,970,1507,5,0,4,0,0,1,0
969,0,1.8,1,2,1,44,0.6,158,3,7,167,909,641,9,1,8,1,0,1,0
504,1,1.0,0,8,0,14,0.5,189,7,9,881,1129,1607,15,0,10,1,1,1,0
689,0,2.9,1,3,1,7,0.8,147,2,6,487,722,1241,9,0,16,1,0,0,0
1685,0,0.6,0,14,0,16,0.6,137,7,15,120,1429,881,6,3,17,0,1,1,0
1944,0,0.6,1,9,1,59,0.2,132,7,10,634,1079,769,19,13,3,1,0,1,0
1077,1,2.5,0,13,1,49,0.6,131,4,14,334,1079,3454,17,11,2,1,0,1,3
648,1,1.8,0,1,1,60,0.1,195,4,4,931,1811,819,10,3,4,1,0,0,0
1702,1,0.5,1,8,0,2,0.6,185,6,19,921,1351,435,12,9,3,0,1,1,0
1571,0,2.9,0,1,0,30,0.9,150,7,3,805,956,586,10,9,4,0,1,1,0
856,1,1.1,1,14,1,19,0.7,125,6,19,1057,1931,650,17,0,10,1,0,1,0
1615,1,2.8,0,3,0,9,0.9,117,1,13,542,678,2948,8,3,3,1,1,0,2
649,1,1.4,0,4,1,19,0.8,190,7,12,344,1551,739,18,1,2,1,1,0,0
1646,0,2.5,0,3,1,25,0.6,200,2,5,211,1608,686,8,6,11,1,1,0,0
1189,1,1.9,0,5,0,7,0.5,164,2,20,79,615,841,13,10,11,0,1,0,0
1043,0,2.7,0,3,0,29,0.2,83,8,17,887,893,1183,5,3,8,1,0,0,0
1220,1,2.8,0,1,0,54,0.7,109,7,20,383,1249,1037,6,4,15,1,0,0,0
1748,1,0.5,1,11,1,53,0.5,114,4,20,718,1109,2633,16,0,9,1,0,0,2
1961,1,1.5,0,10,0,55,0.5,100,7,20,861,1888,2355,14,7,6,1,1,1,3
1745,0,2.9,0,0,1,3,0.9,105,3,0,426,1629,1308,5,0,2,1,1,0,1
1442,0,0.6,1,1,0,27,0.4,127,5,8,266,642,991,14,8,7,1,0,0,0
868,1,0.9,0,5,0,5,0.4,137,4,7,40,1311,1519,13,0,2,0,0,1,0
864,0,1.6,1,0,1,53,0.3,88,6,1,262,1436,493,18,9,10,1,1,0,0
983,0,1.8,0,0,1,53,0.9,187,1,4,1001,1176,1389,17,8,8,1,1,1,1
1720,0,1.6,0,18,1,2,0.8,188,5,20,334,896,2522,10,5,2,1,0,1,2
1802,1,1.2,1,8,0,27,0.5,116,5,16,453,963,1885,10,9,7,1,1,0,2
591,0,2.1,1,18,1,16,0.5,196,7,20,952,1726,704,14,5,4,1,1,1,0
1205,1,2.7,0,5,0,10,0.1,163,6,10,321,1870,953,18,11,20,0,1,1,0
713,0,0.9,1,0,0,42,0.1,94,1,14,1048,1123,928,12,10,9,0,0,1,0
1082,0,2.3,1,11,0,2,1.0,101,4,20,398,724,2177,12,2,17,0,1,0,1
1544,0,2.4,0,18,1,12,0.1,186,7,20,470,844,489,9,4,2,1,0,1,0
1991,0,2.8,0,3,1,15,0.1,181,1,13,298,1037,1861,8,5,17,1,1,1,1
1367,0,2.9,0,4,0,56,0.8,176,2,6,36,642,299,6,2,10,0,1,0,0
1179,1,0.5,0,7,1,32,0.3,182,2,12,85,1451,340,16,5,16,1,0,0,0
1549,1,1.8,1,0,0,62,0.7,91,4,4,167,990,799,7,3,9,1,0,1,0
1349,1,2.1,1,3,0,46,0.9,134,6,12,212,623,2367,11,7,10,1,0,1,1
1799,0,1.0,0,1,1,30,0.6,123,3,9,617,1386,445,10,8,10,1,1,0,0
1837,0,0.5,0,9,0,36,0.9,162,4,20,786,872,770,14,1,15,0,0,1,0
965,1,1.4,0,1,0,13,0.9,197,8,2,645,1275,2343,17,12,15,1,0,0,2
1361,1,1.4,0,1,0,47,1.0,169,5,2,881,1382,2495,8,7,16,0,0,1,2
1027,1,0.8,0,7,0,18,1.0,146,7,11,338,534,1234,7,4,14,1,0,1,0
709,0,2.4,1,1,0,11,0.1,130,5,11,119,1531,3568,16,14,3,0,0,1,3
1872,1,1.9,0,5,0,35,0.6,111,3,14,1546,1879,2419,15,5,19,0,0,0,3
1259,0,1.2,1,0,0,13,0.5,97,2,0,1210,1989,340,17,13,4,1,0,1,0
695,0,1.2,0,1,1,41,0.4,169,8,8,789,1211,2282,5,2,17,1,1,0,1
1969,0,1.2,1,9,0,63,0.2,132,4,11,390,756,298,10,1,10,1,1,0,0
759,0,2.5,0,3,1,39,0.3,162,2,8,110,1317,968,6,2,2,1,0,0,0
1176,1,2.1,0,2,1,62,0.5,168,2,10,674,1455,1534,6,2,17,1,0,0,1
1802,0,2.7,1,0,1,10,0.6,101,7,9,253,590,696,14,7,3,1,1,0,0
772,0,1.0,1,0,1,23,0.6,97,7,11,317,1805,2782,7,0,17,1,0,0,2
1318,1,2.4,0,1,1,45,0.1,136,2,7,183,661,755,18,3,9,1,0,1,0
764,0,1.0,1,9,1,45,0.5,124,8,11,52,539,1341,19,1,12,1,0,0,0
1056,1,2.1,1,8,1,37,0.7,101,3,11,914,979,2651,15,5,3,1,1,1,2
1982,1,1.6,0,2,1,12,0.2,80,5,20,287,593,1824,13,3,14,1,1,1,1
1830,1,0.5,0,5,0,14,0.8,160,6,6,773,1353,1905,16,3,19,1,1,1,2
1283,1,2.4,1,8,1,33,1.0,93,3,15,510,980,773,17,7,2,1,1,0,0
1854,0,0.9,1,0,1,33,0.4,195,1,0,665,718,1675,14,12,9,1,0,1,1
897,1,2.0,0,3,1,2,0.6,154,8,10,0,994,1958,7,5,7,1,1,0,1
1405,0,1.7,0,0,0,8,0.3,107,4,7,284,1036,2376,19,6,11,0,1,0,2
798,0,0.6,1,6,1,21,0.5,110,2,12,661,1951,1647,12,2,3,1,0,0,1
1035,1,2.7,0,1,0,40,0.2,157,5,15,757,1912,3548,14,4,5,0,1,1,3
1749,1,0.5,1,7,1,49,0.8,178,1,8,470,775,2195,5,4,4,1,0,1,2
1588,1,2.5,0,12,1,4,0.3,148,5,20,146,822,2506,5,3,11,1,0,0,2
1600,0,0.5,0,1,1,16,0.3,94,4,16,1315,1710,2073,9,5,4,1,1,0,2
1279,1,2.5,0,5,1,7,0.5,105,6,6,560,1633,1150,7,2,7,1,0,0,1
719,0,2.9,0,7,0,6,0.7,102,6,8,405,1141,841,9,1,2,1,0,0,0
544,1,0.5,1,2,1,7,0.2,129,5,15,227,610,1675,13,4,17,1,1,0,0
1007,1,2.9,1,5,1,21,0.8,185,8,12,479,831,1301,8,6,12,1,1,0,0
590,1,1.2,1,0,0,32,0.4,141,6,1,227,509,1817,10,0,6,0,1,0,0
1561,1,1.6,1,1,1,27,0.8,174,3,10,662,874,1205,12,7,3,1,1,0,1
1327,0,2.8,0,10,0,23,0.5,89,7,16,441,1721,872,7,5,4,1,1,1,0
727,1,2.5,1,0,1,64,0.2,193,1,9,664,711,3654,9,1,16,1,1,0,3
686,1,2.7,1,0,0,36,0.1,194,4,1,64,745,1503,10,0,13,0,0,0,0
555,1,0.5,1,2,0,17,0.2,163,5,12,956,1010,343,19,14,3,0,1,1,0
1884,0,1.0,1,3,0,24,0.5,149,6,4,1168,1179,1396,15,8,9,1,1,1,1
672,1,0.6,1,13,0,61,0.1,194,5,20,724,1127,1457,14,10,20,1,0,1,0
635,1,0.5,0,9,0,16,1.0,110,7,17,599,1299,2452,19,17,8,1,0,0,2
1906,1,1.9,1,3,0,55,0.2,113,3,4,3,629,1871,13,5,4,1,0,1,1
1753,0,0.7,0,4,0,40,0.6,191,4,11,1652,1983,1112,8,2,15,1,1,1,1
659,0,1.4,1,2,1,3,0.1,85,8,6,190,657,967,10,1,14,1,0,1,0
1667,0,1.0,1,0,1,21,0.9,138,2,0,1211,1396,635,17,7,15,1,0,0,0
1191,0,0.8,0,6,1,46,0.8,89,6,9,42,807,824,19,18,7,1,0,0,0
816,0,3.0,1,2,0,9,0.1,117,1,3,1196,1651,3851,10,3,14,1,0,1,3
1201,1,0.5,0,2,0,10,1.0,99,7,7,306,558,495,15,6,14,1,1,1,0
1379,0,1.1,1,1,1,18,0.2,129,2,16,838,885,2358,10,5,15,1,1,0,2
1483,1,2.2,0,3,1,53,0.7,169,5,11,291,651,1744,6,3,10,1,0,0,1
1262,0,1.8,1,12,0,34,0.1,149,5,16,223,737,3248,13,3,4,0,1,1,2
797,0,2.2,1,0,0,37,0.9,144,7,2,206,1167,2216,9,5,6,1,0,0,1
618,1,1.0,0,9,1,13,0.1,80,4,15,591,724,1424,15,12,7,1,1,0,0
1547,1,2.9,0,2,0,57,0.4,114,1,3,347,957,1620,9,2,19,0,1,1,1
586,0,2.8,0,2,0,15,0.2,83,3,11,241,854,2592,12,8,3,0,0,0,1
1617,1,2.4,0,8,1,36,0.8,85,1,9,743,1426,296,5,3,7,1,0,0,0
674,1,2.9,1,1,0,21,0.2,198,3,4,576,1809,1180,6,3,4,1,1,1,0
1467,1,0.5,0,0,0,18,0.6,122,5,0,888,1099,3962,15,11,5,1,1,1,3
794,1,0.5,1,0,1,2,0.8,106,6,14,1222,1890,668,13,4,19,1,1,0,0
1965,1,2.6,1,0,0,39,0.2,187,4,3,915,1965,2032,11,10,16,1,1,1,2
1512,0,0.9,0,4,1,46,0.1,145,5,5,336,670,869,18,10,19,1,1,1,0
510,1,2.0,1,5,1,45,0.9,168,6,16,483,754,3919,19,4,2,1,1,1,3
